id,aula_id,usuario_id,sesion_id,accion,motivo,estado_aula_snapshot,timestamp
1,3,56,106,OPEN_DOOR,INICIO_SESION,ocupada,2026-01-01 00:01:00
2,19,53,3,OPEN_DOOR,QR_VALIDO,ocupada,2026-01-01 00:02:00
3,1,37,171,CLOSE_DOOR,QR_VALIDO,ocupada,2026-01-01 00:03:00
4,10,10,154,CLOSE_DOOR,INICIO_SESION,ocupada,2026-01-01 00:04:00
5,8,25,152,CLOSE_DOOR,QR_VALIDO,disponible,2026-01-01 00:05:00
6,13,74,140,OPEN_DOOR,INICIO_SESION,ocupada,2026-01-01 00:06:00
7,4,66,141,CLOSE_DOOR,QR_VALIDO,ocupada,2026-01-01 00:07:00
8,1,49,33,CLOSE_DOOR,INICIO_SESION,ocupada,2026-01-01 00:08:00
9,11,63,169,CLOSE_DOOR,FIN_SESION,disponible,2026-01-01 00:09:00
10,5,32,196,OPEN_DOOR,QR_VALIDO,ocupada,2026-01-01 00:10:00
11,7,90,86,OPEN_DOOR,FIN_SESION,ocupada,2026-01-01 00:11:00
12,17,98,42,OPEN_DOOR,INICIO_SESION,ocupada,2026-01-01 00:12:00
13,4,62,111,OPEN_DOOR,INICIO_SESION,disponible,2026-01-01 00:13:00
14,11,69,156,CLOSE_DOOR,FIN_SESION,ocupada,2026-01-01 00:14:00
15,10,13,6,OPEN_DOOR,FIN_SESION,ocupada,2026-01-01 00:15:00
16,11,99,118,CLOSE_DOOR,FIN_SESION,ocupada,2026-01-01 00:16:00
17,15,23,118,OPEN_DOOR,QR_VALIDO,ocupada,2026-01-01 00:17:00
18,7,51,78,OPEN_DOOR,QR_VALIDO,disponible,2026-01-01 00:18:00
19,19,58,65,OPEN_DOOR,INICIO_SESION,disponible,2026-01-01 00:19:00
20,3,96,104,OPEN_DOOR,QR_VALIDO,disponible,2026-01-01 00:20:00
21,17,42,110,OPEN_DOOR,FIN_SESION,ocupada,2026-01-01 00:21:00
22,3,36,94,OPEN_DOOR,QR_VALIDO,disponible,2026-01-01 00:22:00
23,13,93,43,OPEN_DOOR,INICIO_SESION,ocupada,2026-01-01 00:23:00
24,13,77,127,CLOSE_DOOR,INICIO_SESION,ocupada,2026-01-01 00:24:00
25,9,88,54,OPEN_DOOR,INICIO_SESION,disponible,2026-01-01 00:25:00
26,1,70,56,OPEN_DOOR,QR_VALIDO,disponible,01/01/2026 00:26
27,11,50,19,CLOSE_DOOR,INICIO_SESION,disponible,2026-01-01 00:27:00
28,17,74,59,CLOSE_DOOR,INICIO_SESION,ocupada,01/01/2026 00:28
29,11,12,135,CLOSE_DOOR,QR_VALIDO,disponible,2026-01-01 00:29:00
30,11,26,170,CLOSE_DOOR,FIN_SESION,ocupada,2026-01-01 00:30:00
31,10,65,161,OPEN_DOOR,QR_VALIDO,disponible,01/01/2026 00:31
32,12,81,102,OPEN_DOOR,QR_VALIDO,ocupada,2026-01-01 00:32:00
33,10,77,23,OPEN_DOOR,QR_VALIDO,disponible,01/01/2026 00:33
34,9,71,115,OPEN_DOOR,QR_VALIDO,ocupada,2026-01-01 00:34:00
35,7,14,21,OPEN_DOOR,FIN_SESION,disponible,2026-01-01 00:35:00
36,4,34,53,CLOSE_DOOR,QR_VALIDO,disponible,2026-01-01 00:36:00
37,7,23,193,CLOSE_DOOR,QR_VALIDO,disponible,2026-01-01 00:37:00
38,5,26,47,CLOSE_DOOR,INICIO_SESION,ocupada,2026-01-01 00:38:00
39,13,10,106,CLOSE_DOOR,FIN_SESION,ocupada,2026-01-01 00:39:00
40,3,22,65,OPEN_DOOR,FIN_SESION,disponible,2026-01-01 00:40:00
41,15,24,133,CLOSE_DOOR,QR_VALIDO,disponible,2026-01-01 00:41:00
42,14,75,63,OPEN_DOOR,QR_VALIDO,disponible,2026-01-01 00:42:00
43,1,7,97,CLOSE_DOOR,FIN_SESION,ocupada,2026-01-01 00:43:00
44,4,73,80,CLOSE_DOOR,INICIO_SESION,disponible,2026-01-01 00:44:00
45,13,77,192,OPEN_DOOR,FIN_SESION,disponible,2026-01-01 00:45:00
46,3,74,176,CLOSE_DOOR,INICIO_SESION,ocupada,2026-01-01 00:46:00
47,1,72,44,OPEN_DOOR,QR_VALIDO,ocupada,2026-01-01 00:47:00
48,12,67,62,CLOSE_DOOR,QR_VALIDO,disponible,2026-01-01 00:48:00
49,10,74,22,CLOSE_DOOR,FIN_SESION,ocupada,2026-01-01 00:49:00
50,9,70,69,OPEN_DOOR,INICIO_SESION,ocupada,2026-01-01 00:50:00
51,11,57,175,CLOSE_DOOR,INICIO_SESION,ocupada,2026-01-01 00:51:00
52,11,7,93,OPEN_DOOR,INICIO_SESION,ocupada,2026-01-01 00:52:00
53,1,40,109,CLOSE_DOOR,FIN_SESION,disponible,2026-01-01 00:53:00
54,10,89,70,OPEN_DOOR,QR_VALIDO,disponible,2026-01-01 00:54:00
55,12,87,81,CLOSE_DOOR,QR_VALIDO,disponible,2026-01-01 00:55:00
56,18,16,152,CLOSE_DOOR,FIN_SESION,disponible,2026-01-01 00:56:00
57,8,62,194,OPEN_DOOR,FIN_SESION,disponible,2026-01-01 00:57:00
58,10,32,95,CLOSE_DOOR,QR_VALIDO,disponible,2026-01-01 00:58:00
59,4,8,109,CLOSE_DOOR,QR_VALIDO,ocupada,2026-01-01 00:59:00
60,12,19,118,OPEN_DOOR,FIN_SESION,disponible,2026-01-01 01:00:00
61,5,53,178,OPEN_DOOR,INICIO_SESION,ocupada,2026-01-01 01:01:00
62,20,10,127,CLOSE_DOOR,INICIO_SESION,ocupada,2026-01-01 01:02:00
63,15,3,62,CLOSE_DOOR,QR_VALIDO,ocupada,2026-01-01 01:03:00
64,8,36,132,CLOSE_DOOR,INICIO_SESION,disponible,2026-01-01 01:04:00
65,16,9,125,CLOSE_DOOR,FIN_SESION,ocupada,2026-01-01 01:05:00
66,10,74,141,CLOSE_DOOR,QR_VALIDO,ocupada,2026-01-01 01:06:00
67,11,3,112,OPEN_DOOR,FIN_SESION,disponible,2026-01-01 01:07:00
68,11,53,56,OPEN_DOOR,INICIO_SESION,ocupada,2026-01-01 01:08:00
69,20,26,48,CLOSE_DOOR,FIN_SESION,ocupada,2026-01-01 01:09:00
70,7,100,23,CLOSE_DOOR,FIN_SESION,ocupada,2026-01-01 01:10:00
71,11,12,10,OPEN_DOOR,FIN_SESION,ocupada,2026-01-01 01:11:00
72,3,38,151,CLOSE_DOOR,QR_VALIDO,disponible,2026-01-01 01:12:00
73,7,75,131,CLOSE_DOOR,INICIO_SESION,disponible,2026-01-01 01:13:00
74,8,66,191,OPEN_DOOR,QR_VALIDO,ocupada,2026-01-01 01:14:00
75,13,31,146,OPEN_DOOR,INICIO_SESION,ocupada,2026-01-01 01:15:00
76,10,25,149,CLOSE_DOOR,FIN_SESION,disponible,2026-01-01 01:16:00
77,10,13,168,OPEN_DOOR,FIN_SESION,disponible,2026-01-01 01:17:00
78,7,53,123,CLOSE_DOOR,QR_VALIDO,ocupada,2026-01-01 01:18:00
79,14,70,130,CLOSE_DOOR,INICIO_SESION,disponible,2026-01-01 01:19:00
80,8,26,30,OPEN_DOOR,QR_VALIDO,ocupada,2026-01-01 01:20:00
81,4,3,39,OPEN_DOOR,FIN_SESION,disponible,2026-01-01 01:21:00
82,14,82,47,CLOSE_DOOR,INICIO_SESION,ocupada,2026-01-01 01:22:00
83,13,81,193,CLOSE_DOOR,INICIO_SESION,ocupada,2026-01-01 01:23:00
84,11,38,1,CLOSE_DOOR,QR_VALIDO,disponible,2026-01-01 01:24:00
85,17,91,158,OPEN_DOOR,INICIO_SESION,ocupada,2026-01-01 01:25:00
86,16,75,55,CLOSE_DOOR,FIN_SESION,ocupada,2026-01-01 01:26:00
87,20,33,132,OPEN_DOOR,QR_VALIDO,ocupada,2026-01-01 01:27:00
88,18,17,56,CLOSE_DOOR,FIN_SESION,ocupada,2026-01-01 01:28:00
89,9,81,118,CLOSE_DOOR,QR_VALIDO,disponible,2026-01-01 01:29:00
90,4,18,73,OPEN_DOOR,INICIO_SESION,disponible,01/01/2026 01:30
91,2,50,187,CLOSE_DOOR,INICIO_SESION,disponible,2026-01-01 01:31:00
92,14,49,92,CLOSE_DOOR,QR_VALIDO,disponible,2026-01-01 01:32:00
93,12,56,173,CLOSE_DOOR,QR_VALIDO,ocupada,2026-01-01 01:33:00
94,15,62,50,CLOSE_DOOR,FIN_SESION,ocupada,2026-01-01 01:34:00
95,18,8,31,OPEN_DOOR,QR_VALIDO,disponible,2026-01-01 01:35:00
96,17,4,161,OPEN_DOOR,INICIO_SESION,ocupada,01/01/2026 01:36
97,13,54,50,OPEN_DOOR,INICIO_SESION,ocupada,2026-01-01 01:37:00
98,7,97,113,OPEN_DOOR,FIN_SESION,disponible,2026-01-01 01:38:00
99,2,46,121,OPEN_DOOR,FIN_SESION,ocupada,2026-01-01 01:39:00
100,13,35,69,OPEN_DOOR,QR_VALIDO,disponible,2026-01-01 01:40:00
101,17,42,158,CLOSE_DOOR,QR_VALIDO,ocupada,2026-01-01 01:41:00
102,13,4,166,CLOSE_DOOR,INICIO_SESION,disponible,2026-01-01 01:42:00
103,6,57,57,CLOSE_DOOR,FIN_SESION,ocupada,2026-01-01 01:43:00
104,11,83,193,OPEN_DOOR,QR_VALIDO,disponible,2026-01-01 01:44:00
105,18,14,136,OPEN_DOOR,INICIO_SESION,ocupada,01/01/2026 01:45
106,14,83,103,OPEN_DOOR,FIN_SESION,ocupada,2026-01-01 01:46:00
107,17,25,61,CLOSE_DOOR,INICIO_SESION,disponible,2026-01-01 01:47:00
108,9,7,133,CLOSE_DOOR,INICIO_SESION,ocupada,2026-01-01 01:48:00
109,19,39,85,OPEN_DOOR,QR_VALIDO,ocupada,2026-01-01 01:49:00
110,3,77,14,CLOSE_DOOR,FIN_SESION,ocupada,2026-01-01 01:50:00
111,9,19,23,OPEN_DOOR,FIN_SESION,disponible,2026-01-01 01:51:00
112,7,89,145,CLOSE_DOOR,INICIO_SESION,disponible,2026-01-01 01:52:00
113,1,70,109,CLOSE_DOOR,INICIO_SESION,disponible,2026-01-01 01:53:00
114,18,65,149,OPEN_DOOR,INICIO_SESION,ocupada,2026-01-01 01:54:00
115,9,52,118,CLOSE_DOOR,INICIO_SESION,ocupada,01/01/2026 01:55
116,7,66,177,OPEN_DOOR,QR_VALIDO,ocupada,2026-01-01 01:56:00
117,16,93,1,OPEN_DOOR,INICIO_SESION,ocupada,2026-01-01 01:57:00
118,2,20,54,OPEN_DOOR,INICIO_SESION,ocupada,2026-01-01 01:58:00
119,5,3,39,OPEN_DOOR,QR_VALIDO,disponible,2026-01-01 01:59:00
120,6,65,42,CLOSE_DOOR,FIN_SESION,disponible,2026-01-01 02:00:00
121,10,41,103,CLOSE_DOOR,FIN_SESION,ocupada,2026-01-01 02:01:00
122,1,53,121,OPEN_DOOR,FIN_SESION,disponible,2026-01-01 02:02:00
123,6,48,44,CLOSE_DOOR,QR_VALIDO,disponible,2026-01-01 02:03:00
124,18,77,122,CLOSE_DOOR,QR_VALIDO,disponible,2026-01-01 02:04:00
125,19,2,48,OPEN_DOOR,INICIO_SESION,disponible,2026-01-01 02:05:00
126,15,95,177,OPEN_DOOR,FIN_SESION,disponible,2026-01-01 02:06:00
127,6,89,22,CLOSE_DOOR,QR_VALIDO,disponible,2026-01-01 02:07:00
128,5,67,13,CLOSE_DOOR,FIN_SESION,ocupada,2026-01-01 02:08:00
129,20,21,101,OPEN_DOOR,INICIO_SESION,disponible,2026-01-01 02:09:00
130,19,97,168,OPEN_DOOR,INICIO_SESION,ocupada,2026-01-01 02:10:00
131,13,11,79,OPEN_DOOR,FIN_SESION,disponible,2026-01-01 02:11:00
132,19,79,127,CLOSE_DOOR,QR_VALIDO,ocupada,2026-01-01 02:12:00
133,10,26,72,CLOSE_DOOR,FIN_SESION,ocupada,2026-01-01 02:13:00
134,17,83,152,CLOSE_DOOR,QR_VALIDO,ocupada,2026-01-01 02:14:00
135,13,83,136,CLOSE_DOOR,INICIO_SESION,disponible,2026-01-01 02:15:00
136,10,78,83,OPEN_DOOR,QR_VALIDO,disponible,2026-01-01 02:16:00
137,1,43,14,CLOSE_DOOR,QR_VALIDO,disponible,2026-01-01 02:17:00
138,8,97,187,OPEN_DOOR,FIN_SESION,ocupada,2026-01-01 02:18:00
139,12,85,119,CLOSE_DOOR,QR_VALIDO,disponible,2026-01-01 02:19:00
140,2,56,67,CLOSE_DOOR,FIN_SESION,ocupada,2026-01-01 02:20:00
141,18,87,162,CLOSE_DOOR,FIN_SESION,ocupada,2026-01-01 02:21:00
142,15,30,122,OPEN_DOOR,INICIO_SESION,ocupada,2026-01-01 02:22:00
143,3,23,147,CLOSE_DOOR,QR_VALIDO,disponible,01/01/2026 02:23
144,11,43,4,CLOSE_DOOR,QR_VALIDO,ocupada,2026-01-01 02:24:00
145,9,30,27,OPEN_DOOR,FIN_SESION,ocupada,2026-01-01 02:25:00
146,5,2,149,OPEN_DOOR,QR_VALIDO,disponible,2026-01-01 02:26:00
147,18,25,52,CLOSE_DOOR,FIN_SESION,disponible,2026-01-01 02:27:00
148,13,63,10,CLOSE_DOOR,QR_VALIDO,ocupada,2026-01-01 02:28:00
149,2,60,94,CLOSE_DOOR,FIN_SESION,ocupada,2026-01-01 02:29:00
150,1,16,51,CLOSE_DOOR,QR_VALIDO,ocupada,2026-01-01 02:30:00
151,16,37,147,OPEN_DOOR,FIN_SESION,disponible,2026-01-01 02:31:00
152,3,81,156,OPEN_DOOR,QR_VALIDO,disponible,2026-01-01 02:32:00
153,7,25,74,OPEN_DOOR,FIN_SESION,ocupada,2026-01-01 02:33:00
154,11,82,196,OPEN_DOOR,INICIO_SESION,disponible,2026-01-01 02:34:00
155,18,64,172,CLOSE_DOOR,FIN_SESION,ocupada,2026-01-01 02:35:00
156,16,31,184,OPEN_DOOR,INICIO_SESION,ocupada,2026-01-01 02:36:00
157,3,56,31,CLOSE_DOOR,QR_VALIDO,disponible,2026-01-01 02:37:00
158,15,50,8,OPEN_DOOR,FIN_SESION,disponible,2026-01-01 02:38:00
159,9,42,41,CLOSE_DOOR,QR_VALIDO,ocupada,2026-01-01 02:39:00
160,8,53,139,OPEN_DOOR,INICIO_SESION,ocupada,2026-01-01 02:40:00
161,19,33,100,OPEN_DOOR,FIN_SESION,ocupada,2026-01-01 02:41:00
162,5,81,98,OPEN_DOOR,INICIO_SESION,ocupada,2026-01-01 02:42:00
163,1,60,153,CLOSE_DOOR,INICIO_SESION,ocupada,2026-01-01 02:43:00
164,3,64,101,CLOSE_DOOR,QR_VALIDO,ocupada,2026-01-01 02:44:00
165,16,33,169,OPEN_DOOR,INICIO_SESION,disponible,2026-01-01 02:45:00
166,9,72,11,CLOSE_DOOR,QR_VALIDO,ocupada,2026-01-01 02:46:00
167,7,26,32,CLOSE_DOOR,QR_VALIDO,ocupada,2026-01-01 02:47:00
168,9,42,164,CLOSE_DOOR,FIN_SESION,disponible,2026-01-01 02:48:00
169,20,79,158,OPEN_DOOR,QR_VALIDO,disponible,2026-01-01 02:49:00
170,4,2,7,CLOSE_DOOR,INICIO_SESION,disponible,2026-01-01 02:50:00
171,6,20,182,CLOSE_DOOR,FIN_SESION,disponible,2026-01-01 02:51:00
172,7,66,105,OPEN_DOOR,FIN_SESION,disponible,2026-01-01 02:52:00
173,7,22,178,OPEN_DOOR,QR_VALIDO,ocupada,2026-01-01 02:53:00
174,11,11,168,CLOSE_DOOR,FIN_SESION,disponible,2026-01-01 02:54:00
175,10,55,19,OPEN_DOOR,INICIO_SESION,ocupada,2026-01-01 02:55:00
176,2,91,137,CLOSE_DOOR,QR_VALIDO,ocupada,2026-01-01 02:56:00
177,20,73,174,OPEN_DOOR,FIN_SESION,ocupada,2026-01-01 02:57:00
178,2,86,168,CLOSE_DOOR,QR_VALIDO,disponible,2026-01-01 02:58:00
179,5,80,179,OPEN_DOOR,FIN_SESION,disponible,2026-01-01 02:59:00
180,11,1,49,CLOSE_DOOR,FIN_SESION,ocupada,2026-01-01 03:00:00
181,13,64,81,OPEN_DOOR,INICIO_SESION,disponible,2026-01-01 03:01:00
182,16,4,97,CLOSE_DOOR,FIN_SESION,ocupada,2026-01-01 03:02:00
183,9,76,104,OPEN_DOOR,FIN_SESION,disponible,2026-01-01 03:03:00
184,20,69,13,OPEN_DOOR,FIN_SESION,disponible,2026-01-01 03:04:00
185,17,32,121,OPEN_DOOR,INICIO_SESION,disponible,2026-01-01 03:05:00
186,8,45,45,OPEN_DOOR,QR_VALIDO,ocupada,2026-01-01 03:06:00
187,20,24,63,OPEN_DOOR,FIN_SESION,disponible,2026-01-01 03:07:00
188,12,58,55,CLOSE_DOOR,INICIO_SESION,ocupada,2026-01-01 03:08:00
189,3,45,59,CLOSE_DOOR,INICIO_SESION,disponible,2026-01-01 03:09:00
190,7,78,151,CLOSE_DOOR,QR_VALIDO,disponible,2026-01-01 03:10:00
191,8,60,16,OPEN_DOOR,INICIO_SESION,disponible,2026-01-01 03:11:00
192,6,8,86,CLOSE_DOOR,FIN_SESION,disponible,2026-01-01 03:12:00
193,19,27,122,OPEN_DOOR,FIN_SESION,ocupada,2026-01-01 03:13:00
194,2,23,4,OPEN_DOOR,FIN_SESION,disponible,2026-01-01 03:14:00
195,14,2,35,OPEN_DOOR,QR_VALIDO,ocupada,2026-01-01 03:15:00
196,12,19,35,CLOSE_DOOR,QR_VALIDO,disponible,2026-01-01 03:16:00
197,16,51,142,CLOSE_DOOR,QR_VALIDO,disponible,2026-01-01 03:17:00
198,12,11,44,CLOSE_DOOR,FIN_SESION,disponible,2026-01-01 03:18:00
199,6,59,170,OPEN_DOOR,QR_VALIDO,ocupada,2026-01-01 03:19:00
200,12,67,127,CLOSE_DOOR,QR_VALIDO,ocupada,2026-01-01 03:20:00
201,8,80,186,OPEN_DOOR,INICIO_SESION,ocupada,2026-01-01 03:21:00
202,8,73,89,CLOSE_DOOR,QR_VALIDO,ocupada,2026-01-01 03:22:00
203,18,20,194,CLOSE_DOOR,FIN_SESION,disponible,2026-01-01 03:23:00
204,15,38,4,OPEN_DOOR,INICIO_SESION,ocupada,01/01/2026 03:24
205,3,11,158,OPEN_DOOR,QR_VALIDO,ocupada,2026-01-01 03:25:00
206,19,52,164,CLOSE_DOOR,INICIO_SESION,ocupada,2026-01-01 03:26:00
207,15,93,170,CLOSE_DOOR,FIN_SESION,ocupada,2026-01-01 03:27:00
208,9,84,174,OPEN_DOOR,FIN_SESION,ocupada,2026-01-01 03:28:00
209,12,93,59,OPEN_DOOR,FIN_SESION,disponible,2026-01-01 03:29:00
210,7,65,169,CLOSE_DOOR,QR_VALIDO,disponible,2026-01-01 03:30:00
211,11,76,14,OPEN_DOOR,QR_VALIDO,ocupada,2026-01-01 03:31:00
212,11,57,162,CLOSE_DOOR,INICIO_SESION,ocupada,2026-01-01 03:32:00
213,6,22,69,CLOSE_DOOR,FIN_SESION,ocupada,2026-01-01 03:33:00
214,6,31,64,OPEN_DOOR,QR_VALIDO,ocupada,2026-01-01 03:34:00
215,9,1,24,CLOSE_DOOR,INICIO_SESION,ocupada,2026-01-01 03:35:00
216,19,74,121,OPEN_DOOR,QR_VALIDO,disponible,2026-01-01 03:36:00
217,3,78,76,OPEN_DOOR,QR_VALIDO,disponible,2026-01-01 03:37:00
218,3,84,151,OPEN_DOOR,FIN_SESION,ocupada,2026-01-01 03:38:00
219,10,90,115,CLOSE_DOOR,INICIO_SESION,ocupada,2026-01-01 03:39:00
220,11,28,98,CLOSE_DOOR,FIN_SESION,disponible,2026-01-01 03:40:00
221,19,96,74,CLOSE_DOOR,QR_VALIDO,ocupada,2026-01-01 03:41:00
222,18,49,140,OPEN_DOOR,QR_VALIDO,ocupada,2026-01-01 03:42:00
223,12,57,37,CLOSE_DOOR,INICIO_SESION,ocupada,2026-01-01 03:43:00
224,3,53,128,CLOSE_DOOR,QR_VALIDO,ocupada,01/01/2026 03:44
225,1,83,183,CLOSE_DOOR,QR_VALIDO,ocupada,2026-01-01 03:45:00
226,16,53,71,CLOSE_DOOR,INICIO_SESION,disponible,2026-01-01 03:46:00
227,14,87,79,OPEN_DOOR,INICIO_SESION,disponible,2026-01-01 03:47:00
228,2,77,35,OPEN_DOOR,QR_VALIDO,disponible,2026-01-01 03:48:00
229,13,23,60,OPEN_DOOR,QR_VALIDO,ocupada,01/01/2026 03:49
230,17,62,108,CLOSE_DOOR,FIN_SESION,disponible,2026-01-01 03:50:00
231,13,21,171,OPEN_DOOR,QR_VALIDO,ocupada,2026-01-01 03:51:00
232,2,15,87,CLOSE_DOOR,QR_VALIDO,ocupada,2026-01-01 03:52:00
233,12,95,5,CLOSE_DOOR,QR_VALIDO,ocupada,2026-01-01 03:53:00
234,17,84,181,OPEN_DOOR,FIN_SESION,ocupada,2026-01-01 03:54:00
235,13,87,105,CLOSE_DOOR,INICIO_SESION,ocupada,2026-01-01 03:55:00
236,15,78,137,OPEN_DOOR,FIN_SESION,disponible,2026-01-01 03:56:00
237,12,66,25,OPEN_DOOR,QR_VALIDO,ocupada,2026-01-01 03:57:00
238,1,12,16,OPEN_DOOR,FIN_SESION,ocupada,2026-01-01 03:58:00
239,17,26,150,CLOSE_DOOR,FIN_SESION,ocupada,01/01/2026 03:59
240,18,35,113,CLOSE_DOOR,FIN_SESION,disponible,2026-01-01 04:00:00
241,11,97,171,OPEN_DOOR,QR_VALIDO,disponible,2026-01-01 04:01:00
242,20,7,103,CLOSE_DOOR,INICIO_SESION,ocupada,2026-01-01 04:02:00
243,19,64,99,CLOSE_DOOR,FIN_SESION,disponible,2026-01-01 04:03:00
244,20,71,25,OPEN_DOOR,QR_VALIDO,ocupada,2026-01-01 04:04:00
245,7,12,169,CLOSE_DOOR,INICIO_SESION,ocupada,2026-01-01 04:05:00
246,20,60,172,OPEN_DOOR,INICIO_SESION,disponible,2026-01-01 04:06:00
247,1,86,94,OPEN_DOOR,QR_VALIDO,disponible,2026-01-01 04:07:00
248,7,5,27,OPEN_DOOR,QR_VALIDO,disponible,2026-01-01 04:08:00
249,6,15,189,CLOSE_DOOR,FIN_SESION,ocupada,2026-01-01 04:09:00
250,11,39,192,OPEN_DOOR,INICIO_SESION,disponible,2026-01-01 04:10:00
251,11,73,45,OPEN_DOOR,FIN_SESION,ocupada,01/01/2026 04:11
252,20,58,147,OPEN_DOOR,INICIO_SESION,ocupada,2026-01-01 04:12:00
253,5,58,181,OPEN_DOOR,QR_VALIDO,disponible,2026-01-01 04:13:00
254,12,52,3,CLOSE_DOOR,QR_VALIDO,disponible,2026-01-01 04:14:00
255,12,72,119,CLOSE_DOOR,INICIO_SESION,disponible,2026-01-01 04:15:00
256,1,33,174,OPEN_DOOR,FIN_SESION,ocupada,2026-01-01 04:16:00
257,17,49,45,OPEN_DOOR,FIN_SESION,disponible,2026-01-01 04:17:00
258,6,86,93,OPEN_DOOR,FIN_SESION,disponible,2026-01-01 04:18:00
259,19,95,8,OPEN_DOOR,QR_VALIDO,disponible,2026-01-01 04:19:00
260,15,16,71,CLOSE_DOOR,INICIO_SESION,ocupada,2026-01-01 04:20:00
261,12,56,185,OPEN_DOOR,INICIO_SESION,ocupada,2026-01-01 04:21:00
262,11,52,60,OPEN_DOOR,FIN_SESION,ocupada,2026-01-01 04:22:00
263,8,99,107,CLOSE_DOOR,QR_VALIDO,ocupada,2026-01-01 04:23:00
264,5,2,91,OPEN_DOOR,QR_VALIDO,disponible,2026-01-01 04:24:00
265,12,66,117,OPEN_DOOR,QR_VALIDO,ocupada,2026-01-01 04:25:00
266,12,9,98,OPEN_DOOR,INICIO_SESION,ocupada,2026-01-01 04:26:00
267,7,97,165,CLOSE_DOOR,INICIO_SESION,disponible,2026-01-01 04:27:00
268,1,67,41,OPEN_DOOR,INICIO_SESION,disponible,2026-01-01 04:28:00
269,13,48,64,OPEN_DOOR,INICIO_SESION,disponible,2026-01-01 04:29:00
270,9,99,121,CLOSE_DOOR,INICIO_SESION,ocupada,2026-01-01 04:30:00
271,6,56,166,CLOSE_DOOR,INICIO_SESION,disponible,2026-01-01 04:31:00
272,5,96,106,CLOSE_DOOR,INICIO_SESION,disponible,2026-01-01 04:32:00
273,17,85,75,CLOSE_DOOR,FIN_SESION,disponible,2026-01-01 04:33:00
274,20,45,59,CLOSE_DOOR,FIN_SESION,ocupada,2026-01-01 04:34:00
275,14,99,160,OPEN_DOOR,INICIO_SESION,ocupada,2026-01-01 04:35:00
276,17,20,141,OPEN_DOOR,FIN_SESION,disponible,2026-01-01 04:36:00
277,1,84,133,CLOSE_DOOR,QR_VALIDO,ocupada,2026-01-01 04:37:00
278,8,11,61,CLOSE_DOOR,INICIO_SESION,disponible,2026-01-01 04:38:00
279,12,90,90,OPEN_DOOR,INICIO_SESION,ocupada,2026-01-01 04:39:00
280,4,62,175,OPEN_DOOR,INICIO_SESION,ocupada,2026-01-01 04:40:00
281,3,94,143,OPEN_DOOR,INICIO_SESION,ocupada,2026-01-01 04:41:00
282,4,93,183,CLOSE_DOOR,INICIO_SESION,disponible,01/01/2026 04:42
283,14,76,181,CLOSE_DOOR,FIN_SESION,ocupada,2026-01-01 04:43:00
284,16,41,92,OPEN_DOOR,INICIO_SESION,ocupada,2026-01-01 04:44:00
285,1,56,104,OPEN_DOOR,QR_VALIDO,disponible,2026-01-01 04:45:00
286,5,2,6,CLOSE_DOOR,FIN_SESION,ocupada,2026-01-01 04:46:00
287,20,82,159,OPEN_DOOR,FIN_SESION,ocupada,2026-01-01 04:47:00
288,8,75,177,CLOSE_DOOR,QR_VALIDO,ocupada,2026-01-01 04:48:00
289,11,27,141,OPEN_DOOR,FIN_SESION,disponible,2026-01-01 04:49:00
290,11,47,93,OPEN_DOOR,INICIO_SESION,ocupada,2026-01-01 04:50:00
291,7,77,179,OPEN_DOOR,INICIO_SESION,disponible,2026-01-01 04:51:00
292,6,73,128,CLOSE_DOOR,INICIO_SESION,ocupada,2026-01-01 04:52:00
293,7,50,40,CLOSE_DOOR,QR_VALIDO,ocupada,2026-01-01 04:53:00
294,5,22,69,OPEN_DOOR,FIN_SESION,disponible,2026-01-01 04:54:00
295,14,76,178,CLOSE_DOOR,QR_VALIDO,disponible,2026-01-01 04:55:00
296,19,70,176,CLOSE_DOOR,FIN_SESION,disponible,2026-01-01 04:56:00
297,8,84,45,CLOSE_DOOR,QR_VALIDO,disponible,2026-01-01 04:57:00
298,20,31,145,CLOSE_DOOR,FIN_SESION,ocupada,2026-01-01 04:58:00
299,3,66,183,CLOSE_DOOR,QR_VALIDO,disponible,2026-01-01 04:59:00
300,9,58,142,CLOSE_DOOR,FIN_SESION,ocupada,2026-01-01 05:00:00
301,4,36,28,CLOSE_DOOR,FIN_SESION,ocupada,2026-01-01 05:01:00
302,4,58,136,CLOSE_DOOR,FIN_SESION,disponible,2026-01-01 05:02:00
303,3,31,20,OPEN_DOOR,QR_VALIDO,disponible,2026-01-01 05:03:00
304,5,54,102,OPEN_DOOR,INICIO_SESION,ocupada,2026-01-01 05:04:00
305,19,39,166,CLOSE_DOOR,FIN_SESION,ocupada,2026-01-01 05:05:00
306,19,22,147,OPEN_DOOR,INICIO_SESION,disponible,2026-01-01 05:06:00
307,10,80,13,CLOSE_DOOR,FIN_SESION,ocupada,2026-01-01 05:07:00
308,7,72,174,CLOSE_DOOR,INICIO_SESION,disponible,2026-01-01 05:08:00
309,15,46,41,CLOSE_DOOR,QR_VALIDO,ocupada,2026-01-01 05:09:00
310,15,45,47,CLOSE_DOOR,INICIO_SESION,ocupada,2026-01-01 05:10:00
311,5,33,1,CLOSE_DOOR,INICIO_SESION,ocupada,2026-01-01 05:11:00
312,7,77,26,OPEN_DOOR,QR_VALIDO,disponible,2026-01-01 05:12:00
313,18,77,1,CLOSE_DOOR,QR_VALIDO,ocupada,2026-01-01 05:13:00
314,3,42,123,OPEN_DOOR,FIN_SESION,ocupada,2026-01-01 05:14:00
315,8,41,30,OPEN_DOOR,FIN_SESION,ocupada,2026-01-01 05:15:00
316,16,16,73,OPEN_DOOR,QR_VALIDO,ocupada,2026-01-01 05:16:00
317,8,89,180,CLOSE_DOOR,QR_VALIDO,disponible,2026-01-01 05:17:00
318,12,18,120,OPEN_DOOR,FIN_SESION,disponible,2026-01-01 05:18:00
319,16,23,153,CLOSE_DOOR,FIN_SESION,ocupada,2026-01-01 05:19:00
320,19,4,160,CLOSE_DOOR,FIN_SESION,disponible,2026-01-01 05:20:00
321,13,61,145,OPEN_DOOR,FIN_SESION,ocupada,2026-01-01 05:21:00
322,16,76,73,OPEN_DOOR,QR_VALIDO,ocupada,2026-01-01 05:22:00
323,10,71,30,OPEN_DOOR,INICIO_SESION,disponible,2026-01-01 05:23:00
324,17,31,140,CLOSE_DOOR,INICIO_SESION,ocupada,2026-01-01 05:24:00
325,11,91,75,OPEN_DOOR,QR_VALIDO,ocupada,2026-01-01 05:25:00
326,18,63,47,CLOSE_DOOR,FIN_SESION,ocupada,2026-01-01 05:26:00
327,18,25,181,CLOSE_DOOR,INICIO_SESION,disponible,2026-01-01 05:27:00
328,17,52,29,CLOSE_DOOR,INICIO_SESION,disponible,2026-01-01 05:28:00
329,19,9,15,OPEN_DOOR,INICIO_SESION,ocupada,2026-01-01 05:29:00
330,18,75,17,CLOSE_DOOR,QR_VALIDO,ocupada,2026-01-01 05:30:00
331,18,99,126,CLOSE_DOOR,FIN_SESION,ocupada,2026-01-01 05:31:00
332,20,48,1,CLOSE_DOOR,QR_VALIDO,ocupada,2026-01-01 05:32:00
333,9,60,170,CLOSE_DOOR,FIN_SESION,disponible,2026-01-01 05:33:00
334,8,90,10,OPEN_DOOR,QR_VALIDO,ocupada,2026-01-01 05:34:00
335,16,51,5,OPEN_DOOR,FIN_SESION,disponible,2026-01-01 05:35:00
336,20,84,162,CLOSE_DOOR,FIN_SESION,disponible,2026-01-01 05:36:00
337,5,76,196,CLOSE_DOOR,INICIO_SESION,ocupada,2026-01-01 05:37:00
338,20,2,24,CLOSE_DOOR,QR_VALIDO,ocupada,2026-01-01 05:38:00
339,6,23,148,OPEN_DOOR,FIN_SESION,ocupada,2026-01-01 05:39:00
340,8,84,143,OPEN_DOOR,QR_VALIDO,disponible,2026-01-01 05:40:00
341,14,6,120,OPEN_DOOR,INICIO_SESION,disponible,2026-01-01 05:41:00
342,17,25,33,CLOSE_DOOR,INICIO_SESION,disponible,2026-01-01 05:42:00
343,3,97,159,CLOSE_DOOR,QR_VALIDO,ocupada,2026-01-01 05:43:00
344,10,9,81,OPEN_DOOR,INICIO_SESION,disponible,2026-01-01 05:44:00
345,7,62,83,CLOSE_DOOR,FIN_SESION,ocupada,2026-01-01 05:45:00
346,19,2,18,OPEN_DOOR,INICIO_SESION,ocupada,2026-01-01 05:46:00
347,20,74,166,OPEN_DOOR,INICIO_SESION,ocupada,2026-01-01 05:47:00
348,15,62,135,OPEN_DOOR,FIN_SESION,disponible,2026-01-01 05:48:00
349,17,11,27,OPEN_DOOR,FIN_SESION,ocupada,2026-01-01 05:49:00
350,11,21,40,OPEN_DOOR,QR_VALIDO,disponible,2026-01-01 05:50:00
351,7,69,114,CLOSE_DOOR,INICIO_SESION,disponible,2026-01-01 05:51:00
352,7,14,48,CLOSE_DOOR,INICIO_SESION,ocupada,2026-01-01 05:52:00
353,11,69,7,CLOSE_DOOR,QR_VALIDO,disponible,2026-01-01 05:53:00
354,15,4,64,CLOSE_DOOR,INICIO_SESION,disponible,2026-01-01 05:54:00
355,7,18,36,OPEN_DOOR,INICIO_SESION,ocupada,2026-01-01 05:55:00
356,6,20,161,CLOSE_DOOR,QR_VALIDO,disponible,2026-01-01 05:56:00
357,13,55,123,OPEN_DOOR,INICIO_SESION,ocupada,2026-01-01 05:57:00
358,8,62,47,OPEN_DOOR,FIN_SESION,ocupada,2026-01-01 05:58:00
359,19,39,90,OPEN_DOOR,INICIO_SESION,disponible,2026-01-01 05:59:00
360,1,51,67,OPEN_DOOR,FIN_SESION,disponible,2026-01-01 06:00:00
361,16,43,110,CLOSE_DOOR,INICIO_SESION,ocupada,2026-01-01 06:01:00
362,6,4,96,CLOSE_DOOR,INICIO_SESION,disponible,2026-01-01 06:02:00
363,18,64,74,CLOSE_DOOR,FIN_SESION,ocupada,2026-01-01 06:03:00
364,17,28,112,OPEN_DOOR,INICIO_SESION,disponible,2026-01-01 06:04:00
365,1,70,167,CLOSE_DOOR,QR_VALIDO,disponible,2026-01-01 06:05:00
366,1,15,166,CLOSE_DOOR,QR_VALIDO,disponible,2026-01-01 06:06:00
367,12,88,150,CLOSE_DOOR,QR_VALIDO,disponible,2026-01-01 06:07:00
368,8,57,24,OPEN_DOOR,QR_VALIDO,disponible,2026-01-01 06:08:00
369,7,78,104,OPEN_DOOR,INICIO_SESION,disponible,2026-01-01 06:09:00
370,15,97,182,OPEN_DOOR,QR_VALIDO,ocupada,2026-01-01 06:10:00
371,2,28,155,OPEN_DOOR,FIN_SESION,disponible,2026-01-01 06:11:00
372,12,98,42,OPEN_DOOR,INICIO_SESION,ocupada,2026-01-01 06:12:00
373,17,56,98,OPEN_DOOR,INICIO_SESION,ocupada,2026-01-01 06:13:00
374,13,23,158,OPEN_DOOR,INICIO_SESION,disponible,2026-01-01 06:14:00
375,7,70,31,OPEN_DOOR,FIN_SESION,ocupada,2026-01-01 06:15:00
376,13,49,99,OPEN_DOOR,FIN_SESION,disponible,2026-01-01 06:16:00
377,13,44,69,CLOSE_DOOR,QR_VALIDO,ocupada,2026-01-01 06:17:00
378,18,11,18,CLOSE_DOOR,QR_VALIDO,ocupada,2026-01-01 06:18:00
379,10,100,194,OPEN_DOOR,FIN_SESION,ocupada,2026-01-01 06:19:00
380,3,27,50,CLOSE_DOOR,FIN_SESION,ocupada,2026-01-01 06:20:00
381,14,42,108,CLOSE_DOOR,INICIO_SESION,ocupada,2026-01-01 06:21:00
382,9,49,157,OPEN_DOOR,FIN_SESION,ocupada,2026-01-01 06:22:00
383,20,95,80,OPEN_DOOR,FIN_SESION,disponible,2026-01-01 06:23:00
384,13,49,197,CLOSE_DOOR,INICIO_SESION,ocupada,2026-01-01 06:24:00
385,20,31,71,OPEN_DOOR,INICIO_SESION,ocupada,2026-01-01 06:25:00
386,4,21,116,OPEN_DOOR,QR_VALIDO,disponible,2026-01-01 06:26:00
387,2,34,145,OPEN_DOOR,INICIO_SESION,disponible,2026-01-01 06:27:00
388,13,72,18,OPEN_DOOR,FIN_SESION,ocupada,2026-01-01 06:28:00
389,1,64,123,CLOSE_DOOR,QR_VALIDO,ocupada,2026-01-01 06:29:00
390,4,92,150,OPEN_DOOR,FIN_SESION,ocupada,2026-01-01 06:30:00
391,2,94,1,CLOSE_DOOR,QR_VALIDO,disponible,2026-01-01 06:31:00
392,3,85,110,OPEN_DOOR,QR_VALIDO,ocupada,2026-01-01 06:32:00
393,11,97,101,CLOSE_DOOR,FIN_SESION,disponible,2026-01-01 06:33:00
394,2,27,132,OPEN_DOOR,QR_VALIDO,ocupada,2026-01-01 06:34:00
395,19,84,129,CLOSE_DOOR,INICIO_SESION,ocupada,2026-01-01 06:35:00
396,9,98,22,CLOSE_DOOR,FIN_SESION,disponible,2026-01-01 06:36:00
397,1,36,70,OPEN_DOOR,FIN_SESION,ocupada,2026-01-01 06:37:00
398,14,31,42,OPEN_DOOR,FIN_SESION,ocupada,2026-01-01 06:38:00
399,3,48,158,CLOSE_DOOR,INICIO_SESION,disponible,2026-01-01 06:39:00
400,16,77,10,OPEN_DOOR,QR_VALIDO,disponible,2026-01-01 06:40:00
401,12,8,50,CLOSE_DOOR,FIN_SESION,disponible,2026-01-01 06:41:00
402,15,19,122,OPEN_DOOR,INICIO_SESION,disponible,2026-01-01 06:42:00
403,2,31,195,CLOSE_DOOR,QR_VALIDO,disponible,2026-01-01 06:43:00
404,3,10,163,OPEN_DOOR,FIN_SESION,disponible,2026-01-01 06:44:00
405,16,16,73,CLOSE_DOOR,QR_VALIDO,ocupada,2026-01-01 06:45:00
406,6,32,99,OPEN_DOOR,FIN_SESION,ocupada,2026-01-01 06:46:00
407,17,6,163,CLOSE_DOOR,FIN_SESION,ocupada,2026-01-01 06:47:00
408,5,99,138,CLOSE_DOOR,INICIO_SESION,disponible,2026-01-01 06:48:00
409,2,14,198,OPEN_DOOR,FIN_SESION,disponible,2026-01-01 06:49:00
410,1,55,195,CLOSE_DOOR,INICIO_SESION,disponible,2026-01-01 06:50:00
411,10,5,29,CLOSE_DOOR,FIN_SESION,disponible,2026-01-01 06:51:00
412,5,52,153,CLOSE_DOOR,QR_VALIDO,ocupada,2026-01-01 06:52:00
413,11,84,67,OPEN_DOOR,FIN_SESION,ocupada,2026-01-01 06:53:00
414,2,13,90,CLOSE_DOOR,QR_VALIDO,ocupada,2026-01-01 06:54:00
415,8,45,156,CLOSE_DOOR,INICIO_SESION,ocupada,2026-01-01 06:55:00
416,9,4,39,CLOSE_DOOR,QR_VALIDO,disponible,2026-01-01 06:56:00
417,19,2,158,CLOSE_DOOR,INICIO_SESION,disponible,2026-01-01 06:57:00
418,6,91,22,CLOSE_DOOR,QR_VALIDO,ocupada,2026-01-01 06:58:00
419,13,3,189,CLOSE_DOOR,QR_VALIDO,disponible,2026-01-01 06:59:00
420,10,37,67,CLOSE_DOOR,INICIO_SESION,ocupada,2026-01-01 07:00:00
421,8,20,52,OPEN_DOOR,QR_VALIDO,disponible,2026-01-01 07:01:00
422,12,52,98,OPEN_DOOR,INICIO_SESION,disponible,2026-01-01 07:02:00
423,1,91,123,OPEN_DOOR,FIN_SESION,disponible,2026-01-01 07:03:00
424,18,1,158,CLOSE_DOOR,QR_VALIDO,disponible,2026-01-01 07:04:00
425,6,10,112,CLOSE_DOOR,QR_VALIDO,disponible,2026-01-01 07:05:00
426,12,37,143,OPEN_DOOR,FIN_SESION,disponible,2026-01-01 07:06:00
427,20,64,55,OPEN_DOOR,FIN_SESION,disponible,2026-01-01 07:07:00
428,13,62,6,OPEN_DOOR,INICIO_SESION,disponible,2026-01-01 07:08:00
429,5,62,15,OPEN_DOOR,INICIO_SESION,disponible,2026-01-01 07:09:00
430,20,18,32,OPEN_DOOR,QR_VALIDO,ocupada,2026-01-01 07:10:00
431,18,3,34,CLOSE_DOOR,INICIO_SESION,ocupada,2026-01-01 07:11:00
432,3,90,65,CLOSE_DOOR,INICIO_SESION,disponible,2026-01-01 07:12:00
433,9,40,146,CLOSE_DOOR,INICIO_SESION,ocupada,01/01/2026 07:13
434,1,12,70,CLOSE_DOOR,QR_VALIDO,ocupada,2026-01-01 07:14:00
435,12,17,197,OPEN_DOOR,FIN_SESION,ocupada,2026-01-01 07:15:00
436,6,20,85,CLOSE_DOOR,QR_VALIDO,ocupada,2026-01-01 07:16:00
437,19,37,99,OPEN_DOOR,FIN_SESION,disponible,2026-01-01 07:17:00
438,13,45,161,OPEN_DOOR,INICIO_SESION,ocupada,2026-01-01 07:18:00
439,4,26,111,OPEN_DOOR,INICIO_SESION,ocupada,2026-01-01 07:19:00
440,3,97,98,OPEN_DOOR,QR_VALIDO,ocupada,2026-01-01 07:20:00
441,18,42,134,OPEN_DOOR,FIN_SESION,ocupada,2026-01-01 07:21:00
442,5,95,165,CLOSE_DOOR,INICIO_SESION,ocupada,2026-01-01 07:22:00
443,16,87,50,CLOSE_DOOR,INICIO_SESION,ocupada,2026-01-01 07:23:00
444,6,88,98,OPEN_DOOR,FIN_SESION,ocupada,2026-01-01 07:24:00
445,3,3,109,CLOSE_DOOR,FIN_SESION,ocupada,2026-01-01 07:25:00
446,6,7,69,CLOSE_DOOR,INICIO_SESION,disponible,2026-01-01 07:26:00
447,9,81,109,CLOSE_DOOR,QR_VALIDO,disponible,2026-01-01 07:27:00
448,13,46,51,OPEN_DOOR,INICIO_SESION,ocupada,2026-01-01 07:28:00
449,19,13,88,CLOSE_DOOR,QR_VALIDO,ocupada,2026-01-01 07:29:00
450,20,77,144,OPEN_DOOR,INICIO_SESION,disponible,2026-01-01 07:30:00
451,1,64,163,OPEN_DOOR,FIN_SESION,disponible,2026-01-01 07:31:00
452,3,96,197,CLOSE_DOOR,FIN_SESION,ocupada,2026-01-01 07:32:00
453,11,5,45,CLOSE_DOOR,FIN_SESION,ocupada,2026-01-01 07:33:00
454,12,13,116,OPEN_DOOR,QR_VALIDO,disponible,2026-01-01 07:34:00
455,2,45,44,CLOSE_DOOR,QR_VALIDO,disponible,2026-01-01 07:35:00
456,12,2,101,OPEN_DOOR,FIN_SESION,disponible,2026-01-01 07:36:00
457,11,73,174,CLOSE_DOOR,QR_VALIDO,disponible,2026-01-01 07:37:00
458,10,26,35,OPEN_DOOR,QR_VALIDO,disponible,2026-01-01 07:38:00
459,5,68,97,CLOSE_DOOR,QR_VALIDO,ocupada,2026-01-01 07:39:00
460,19,69,23,CLOSE_DOOR,QR_VALIDO,ocupada,2026-01-01 07:40:00
461,15,47,5,OPEN_DOOR,FIN_SESION,ocupada,2026-01-01 07:41:00
462,1,18,30,CLOSE_DOOR,QR_VALIDO,ocupada,2026-01-01 07:42:00
463,11,12,88,CLOSE_DOOR,QR_VALIDO,disponible,2026-01-01 07:43:00
464,16,91,143,CLOSE_DOOR,FIN_SESION,ocupada,2026-01-01 07:44:00
465,4,42,180,CLOSE_DOOR,QR_VALIDO,disponible,2026-01-01 07:45:00
466,14,19,132,OPEN_DOOR,INICIO_SESION,disponible,2026-01-01 07:46:00
467,8,19,151,OPEN_DOOR,INICIO_SESION,ocupada,2026-01-01 07:47:00
468,14,66,198,CLOSE_DOOR,INICIO_SESION,disponible,2026-01-01 07:48:00
469,7,100,172,CLOSE_DOOR,INICIO_SESION,ocupada,2026-01-01 07:49:00
470,20,88,119,CLOSE_DOOR,FIN_SESION,ocupada,2026-01-01 07:50:00
471,13,72,68,OPEN_DOOR,QR_VALIDO,ocupada,2026-01-01 07:51:00
472,2,85,65,OPEN_DOOR,QR_VALIDO,ocupada,2026-01-01 07:52:00
473,8,49,9,CLOSE_DOOR,INICIO_SESION,ocupada,2026-01-01 07:53:00
474,13,20,36,OPEN_DOOR,INICIO_SESION,ocupada,2026-01-01 07:54:00
475,18,87,35,OPEN_DOOR,INICIO_SESION,disponible,2026-01-01 07:55:00
476,4,55,200,OPEN_DOOR,FIN_SESION,disponible,2026-01-01 07:56:00
477,16,93,105,OPEN_DOOR,QR_VALIDO,disponible,2026-01-01 07:57:00
478,18,41,42,OPEN_DOOR,QR_VALIDO,ocupada,2026-01-01 07:58:00
479,13,61,35,OPEN_DOOR,QR_VALIDO,disponible,2026-01-01 07:59:00
480,6,81,153,CLOSE_DOOR,INICIO_SESION,ocupada,2026-01-01 08:00:00
481,20,32,191,OPEN_DOOR,QR_VALIDO,disponible,2026-01-01 08:01:00
482,5,12,102,OPEN_DOOR,QR_VALIDO,disponible,2026-01-01 08:02:00
483,3,38,46,CLOSE_DOOR,INICIO_SESION,ocupada,2026-01-01 08:03:00
484,1,36,85,OPEN_DOOR,FIN_SESION,disponible,2026-01-01 08:04:00
485,15,96,118,CLOSE_DOOR,FIN_SESION,disponible,2026-01-01 08:05:00
486,12,8,140,OPEN_DOOR,FIN_SESION,ocupada,2026-01-01 08:06:00
487,15,80,197,OPEN_DOOR,INICIO_SESION,disponible,2026-01-01 08:07:00
488,19,10,108,OPEN_DOOR,FIN_SESION,ocupada,2026-01-01 08:08:00
489,4,15,191,CLOSE_DOOR,QR_VALIDO,disponible,2026-01-01 08:09:00
490,9,8,97,CLOSE_DOOR,FIN_SESION,disponible,2026-01-01 08:10:00
491,19,47,193,OPEN_DOOR,FIN_SESION,disponible,2026-01-01 08:11:00
492,16,18,191,OPEN_DOOR,FIN_SESION,disponible,2026-01-01 08:12:00
493,4,98,106,CLOSE_DOOR,FIN_SESION,ocupada,2026-01-01 08:13:00
494,9,66,20,OPEN_DOOR,INICIO_SESION,ocupada,2026-01-01 08:14:00
495,17,79,153,CLOSE_DOOR,INICIO_SESION,disponible,2026-01-01 08:15:00
496,8,91,64,CLOSE_DOOR,QR_VALIDO,ocupada,2026-01-01 08:16:00
497,10,52,105,CLOSE_DOOR,QR_VALIDO,ocupada,2026-01-01 08:17:00
498,12,89,8,CLOSE_DOOR,INICIO_SESION,ocupada,2026-01-01 08:18:00
499,12,59,40,CLOSE_DOOR,FIN_SESION,ocupada,2026-01-01 08:19:00
500,7,81,74,CLOSE_DOOR,FIN_SESION,ocupada,2026-01-01 08:20:00
501,9,93,184,CLOSE_DOOR,FIN_SESION,disponible,2026-01-01 08:21:00
502,19,27,48,OPEN_DOOR,QR_VALIDO,ocupada,2026-01-01 08:22:00
503,9,94,16,CLOSE_DOOR,QR_VALIDO,ocupada,2026-01-01 08:23:00
504,18,44,124,CLOSE_DOOR,FIN_SESION,ocupada,2026-01-01 08:24:00
505,9,15,17,OPEN_DOOR,INICIO_SESION,disponible,2026-01-01 08:25:00
506,16,14,133,CLOSE_DOOR,FIN_SESION,disponible,2026-01-01 08:26:00
507,17,23,44,OPEN_DOOR,INICIO_SESION,disponible,2026-01-01 08:27:00
508,9,47,90,CLOSE_DOOR,FIN_SESION,ocupada,2026-01-01 08:28:00
509,3,24,72,OPEN_DOOR,INICIO_SESION,disponible,2026-01-01 08:29:00
510,2,4,76,OPEN_DOOR,INICIO_SESION,ocupada,2026-01-01 08:30:00
511,8,14,180,OPEN_DOOR,QR_VALIDO,disponible,2026-01-01 08:31:00
512,3,17,121,CLOSE_DOOR,QR_VALIDO,ocupada,2026-01-01 08:32:00
513,12,73,19,CLOSE_DOOR,INICIO_SESION,disponible,2026-01-01 08:33:00
514,8,29,45,OPEN_DOOR,INICIO_SESION,ocupada,2026-01-01 08:34:00
515,13,62,7,CLOSE_DOOR,QR_VALIDO,disponible,2026-01-01 08:35:00
516,20,93,40,CLOSE_DOOR,FIN_SESION,disponible,2026-01-01 08:36:00
517,8,80,175,CLOSE_DOOR,INICIO_SESION,ocupada,2026-01-01 08:37:00
518,11,62,95,CLOSE_DOOR,FIN_SESION,ocupada,01/01/2026 08:38
519,10,96,164,CLOSE_DOOR,FIN_SESION,ocupada,2026-01-01 08:39:00
520,8,26,60,CLOSE_DOOR,QR_VALIDO,disponible,2026-01-01 08:40:00
521,7,19,174,CLOSE_DOOR,INICIO_SESION,disponible,2026-01-01 08:41:00
522,8,94,189,OPEN_DOOR,INICIO_SESION,disponible,2026-01-01 08:42:00
523,10,54,40,CLOSE_DOOR,FIN_SESION,disponible,2026-01-01 08:43:00
524,3,85,175,CLOSE_DOOR,QR_VALIDO,ocupada,2026-01-01 08:44:00
525,4,13,86,CLOSE_DOOR,FIN_SESION,disponible,2026-01-01 08:45:00
526,5,21,46,OPEN_DOOR,FIN_SESION,ocupada,2026-01-01 08:46:00
527,16,3,55,CLOSE_DOOR,QR_VALIDO,disponible,2026-01-01 08:47:00
528,15,22,37,CLOSE_DOOR,FIN_SESION,ocupada,2026-01-01 08:48:00
529,11,98,194,CLOSE_DOOR,QR_VALIDO,ocupada,2026-01-01 08:49:00
530,13,71,110,OPEN_DOOR,INICIO_SESION,ocupada,2026-01-01 08:50:00
531,4,31,167,OPEN_DOOR,FIN_SESION,ocupada,2026-01-01 08:51:00
532,9,38,25,CLOSE_DOOR,INICIO_SESION,disponible,2026-01-01 08:52:00
533,8,56,60,CLOSE_DOOR,QR_VALIDO,ocupada,2026-01-01 08:53:00
534,4,73,15,CLOSE_DOOR,QR_VALIDO,disponible,2026-01-01 08:54:00
535,4,40,103,OPEN_DOOR,QR_VALIDO,ocupada,2026-01-01 08:55:00
536,8,93,150,CLOSE_DOOR,FIN_SESION,disponible,2026-01-01 08:56:00
537,20,29,15,CLOSE_DOOR,FIN_SESION,ocupada,2026-01-01 08:57:00
538,9,37,112,OPEN_DOOR,FIN_SESION,ocupada,2026-01-01 08:58:00
539,11,97,7,OPEN_DOOR,FIN_SESION,ocupada,2026-01-01 08:59:00
540,8,32,34,OPEN_DOOR,QR_VALIDO,disponible,2026-01-01 09:00:00
541,11,52,7,OPEN_DOOR,FIN_SESION,ocupada,2026-01-01 09:01:00
542,3,62,109,CLOSE_DOOR,INICIO_SESION,disponible,2026-01-01 09:02:00
543,10,83,200,OPEN_DOOR,FIN_SESION,disponible,2026-01-01 09:03:00
544,13,92,136,CLOSE_DOOR,INICIO_SESION,disponible,2026-01-01 09:04:00
545,17,71,159,OPEN_DOOR,FIN_SESION,ocupada,2026-01-01 09:05:00
546,19,78,117,CLOSE_DOOR,QR_VALIDO,ocupada,2026-01-01 09:06:00
547,4,48,40,OPEN_DOOR,INICIO_SESION,disponible,2026-01-01 09:07:00
548,4,75,63,CLOSE_DOOR,INICIO_SESION,ocupada,2026-01-01 09:08:00
549,11,2,163,OPEN_DOOR,QR_VALIDO,ocupada,2026-01-01 09:09:00
550,17,71,63,CLOSE_DOOR,QR_VALIDO,disponible,2026-01-01 09:10:00
551,16,5,4,OPEN_DOOR,QR_VALIDO,disponible,2026-01-01 09:11:00
552,16,51,20,CLOSE_DOOR,INICIO_SESION,disponible,2026-01-01 09:12:00
553,3,19,39,CLOSE_DOOR,FIN_SESION,ocupada,2026-01-01 09:13:00
554,16,57,123,CLOSE_DOOR,QR_VALIDO,ocupada,2026-01-01 09:14:00
555,7,79,121,CLOSE_DOOR,FIN_SESION,disponible,2026-01-01 09:15:00
556,2,35,37,OPEN_DOOR,INICIO_SESION,ocupada,2026-01-01 09:16:00
557,7,81,31,OPEN_DOOR,QR_VALIDO,ocupada,2026-01-01 09:17:00
558,10,78,91,OPEN_DOOR,FIN_SESION,ocupada,2026-01-01 09:18:00
559,9,12,1,OPEN_DOOR,FIN_SESION,disponible,01/01/2026 09:19
560,9,19,89,CLOSE_DOOR,INICIO_SESION,ocupada,2026-01-01 09:20:00
561,19,64,156,CLOSE_DOOR,FIN_SESION,disponible,2026-01-01 09:21:00
562,1,92,72,OPEN_DOOR,FIN_SESION,disponible,2026-01-01 09:22:00
563,6,67,46,OPEN_DOOR,INICIO_SESION,disponible,2026-01-01 09:23:00
564,3,55,103,OPEN_DOOR,INICIO_SESION,ocupada,2026-01-01 09:24:00
565,3,11,166,CLOSE_DOOR,INICIO_SESION,ocupada,2026-01-01 09:25:00
566,1,55,115,OPEN_DOOR,QR_VALIDO,ocupada,2026-01-01 09:26:00
567,15,97,120,CLOSE_DOOR,FIN_SESION,disponible,2026-01-01 09:27:00
568,16,55,35,OPEN_DOOR,QR_VALIDO,ocupada,2026-01-01 09:28:00
569,11,53,34,CLOSE_DOOR,INICIO_SESION,disponible,2026-01-01 09:29:00
570,12,95,168,OPEN_DOOR,INICIO_SESION,disponible,2026-01-01 09:30:00
571,8,6,59,OPEN_DOOR,INICIO_SESION,ocupada,2026-01-01 09:31:00
572,10,45,91,CLOSE_DOOR,QR_VALIDO,ocupada,2026-01-01 09:32:00
573,19,76,19,CLOSE_DOOR,QR_VALIDO,disponible,2026-01-01 09:33:00
574,9,61,126,OPEN_DOOR,QR_VALIDO,disponible,2026-01-01 09:34:00
575,2,44,135,OPEN_DOOR,INICIO_SESION,ocupada,01/01/2026 09:35
576,3,73,150,CLOSE_DOOR,INICIO_SESION,disponible,2026-01-01 09:36:00
577,19,71,31,OPEN_DOOR,QR_VALIDO,ocupada,2026-01-01 09:37:00
578,14,77,187,CLOSE_DOOR,INICIO_SESION,disponible,2026-01-01 09:38:00
579,2,12,162,CLOSE_DOOR,QR_VALIDO,ocupada,2026-01-01 09:39:00
580,7,27,171,CLOSE_DOOR,FIN_SESION,ocupada,2026-01-01 09:40:00
581,9,7,196,OPEN_DOOR,FIN_SESION,disponible,2026-01-01 09:41:00
582,12,66,112,CLOSE_DOOR,QR_VALIDO,ocupada,2026-01-01 09:42:00
583,6,79,86,OPEN_DOOR,QR_VALIDO,ocupada,2026-01-01 09:43:00
584,15,59,114,CLOSE_DOOR,QR_VALIDO,disponible,2026-01-01 09:44:00
585,10,19,195,CLOSE_DOOR,FIN_SESION,ocupada,2026-01-01 09:45:00
586,2,61,196,CLOSE_DOOR,INICIO_SESION,disponible,2026-01-01 09:46:00
587,14,92,141,OPEN_DOOR,INICIO_SESION,disponible,2026-01-01 09:47:00
588,10,1,122,CLOSE_DOOR,FIN_SESION,disponible,2026-01-01 09:48:00
589,18,2,166,CLOSE_DOOR,INICIO_SESION,disponible,2026-01-01 09:49:00
590,1,81,158,OPEN_DOOR,INICIO_SESION,ocupada,2026-01-01 09:50:00
591,7,31,22,OPEN_DOOR,FIN_SESION,ocupada,2026-01-01 09:51:00
592,6,89,93,CLOSE_DOOR,QR_VALIDO,disponible,2026-01-01 09:52:00
593,14,46,6,OPEN_DOOR,QR_VALIDO,ocupada,2026-01-01 09:53:00
594,20,22,71,OPEN_DOOR,QR_VALIDO,disponible,2026-01-01 09:54:00
595,12,67,6,CLOSE_DOOR,INICIO_SESION,ocupada,2026-01-01 09:55:00
596,7,58,123,CLOSE_DOOR,QR_VALIDO,ocupada,2026-01-01 09:56:00
597,13,53,16,OPEN_DOOR,QR_VALIDO,disponible,2026-01-01 09:57:00
598,10,3,48,CLOSE_DOOR,INICIO_SESION,ocupada,2026-01-01 09:58:00
599,8,2,186,CLOSE_DOOR,QR_VALIDO,ocupada,2026-01-01 09:59:00
600,16,72,129,CLOSE_DOOR,QR_VALIDO,ocupada,2026-01-01 10:00:00
601,20,60,67,OPEN_DOOR,FIN_SESION,ocupada,2026-01-01 10:01:00
602,17,49,67,OPEN_DOOR,FIN_SESION,disponible,2026-01-01 10:02:00
603,10,95,189,CLOSE_DOOR,INICIO_SESION,disponible,2026-01-01 10:03:00
604,20,64,185,CLOSE_DOOR,INICIO_SESION,ocupada,2026-01-01 10:04:00
605,5,35,178,CLOSE_DOOR,QR_VALIDO,disponible,01/01/2026 10:05
606,20,100,8,CLOSE_DOOR,INICIO_SESION,disponible,2026-01-01 10:06:00
607,3,66,15,OPEN_DOOR,QR_VALIDO,disponible,2026-01-01 10:07:00
608,14,78,27,OPEN_DOOR,QR_VALIDO,disponible,2026-01-01 10:08:00
609,17,61,51,CLOSE_DOOR,INICIO_SESION,disponible,2026-01-01 10:09:00
610,17,34,191,CLOSE_DOOR,QR_VALIDO,ocupada,2026-01-01 10:10:00
611,15,70,89,CLOSE_DOOR,FIN_SESION,disponible,2026-01-01 10:11:00
612,14,6,25,CLOSE_DOOR,FIN_SESION,ocupada,2026-01-01 10:12:00
613,13,2,166,OPEN_DOOR,FIN_SESION,ocupada,2026-01-01 10:13:00
614,6,14,105,OPEN_DOOR,FIN_SESION,disponible,2026-01-01 10:14:00
615,5,18,69,CLOSE_DOOR,INICIO_SESION,disponible,2026-01-01 10:15:00
616,13,13,72,CLOSE_DOOR,FIN_SESION,disponible,2026-01-01 10:16:00
617,18,45,69,CLOSE_DOOR,INICIO_SESION,disponible,01/01/2026 10:17
618,18,51,181,OPEN_DOOR,INICIO_SESION,ocupada,2026-01-01 10:18:00
619,19,26,121,CLOSE_DOOR,QR_VALIDO,ocupada,2026-01-01 10:19:00
620,20,14,50,OPEN_DOOR,INICIO_SESION,disponible,2026-01-01 10:20:00
621,10,94,7,OPEN_DOOR,FIN_SESION,disponible,2026-01-01 10:21:00
622,19,6,94,CLOSE_DOOR,FIN_SESION,ocupada,2026-01-01 10:22:00
623,16,76,101,CLOSE_DOOR,INICIO_SESION,disponible,2026-01-01 10:23:00
624,18,76,157,OPEN_DOOR,QR_VALIDO,disponible,2026-01-01 10:24:00
625,14,27,54,CLOSE_DOOR,QR_VALIDO,ocupada,2026-01-01 10:25:00
626,9,72,17,CLOSE_DOOR,QR_VALIDO,ocupada,2026-01-01 10:26:00
627,17,97,171,CLOSE_DOOR,INICIO_SESION,disponible,2026-01-01 10:27:00
628,8,59,6,OPEN_DOOR,INICIO_SESION,disponible,2026-01-01 10:28:00
629,9,57,77,OPEN_DOOR,FIN_SESION,disponible,2026-01-01 10:29:00
630,18,74,128,OPEN_DOOR,FIN_SESION,ocupada,2026-01-01 10:30:00
631,10,90,145,OPEN_DOOR,QR_VALIDO,ocupada,2026-01-01 10:31:00
632,3,58,21,OPEN_DOOR,INICIO_SESION,ocupada,2026-01-01 10:32:00
633,9,20,42,CLOSE_DOOR,INICIO_SESION,ocupada,2026-01-01 10:33:00
634,8,26,65,CLOSE_DOOR,INICIO_SESION,disponible,2026-01-01 10:34:00
635,19,26,109,CLOSE_DOOR,FIN_SESION,disponible,2026-01-01 10:35:00
636,11,67,89,OPEN_DOOR,INICIO_SESION,ocupada,2026-01-01 10:36:00
637,7,75,120,OPEN_DOOR,INICIO_SESION,disponible,2026-01-01 10:37:00
638,8,91,53,CLOSE_DOOR,QR_VALIDO,ocupada,2026-01-01 10:38:00
639,2,35,28,CLOSE_DOOR,INICIO_SESION,ocupada,2026-01-01 10:39:00
640,5,70,174,OPEN_DOOR,QR_VALIDO,disponible,2026-01-01 10:40:00
641,14,71,108,CLOSE_DOOR,FIN_SESION,disponible,2026-01-01 10:41:00
642,20,9,15,CLOSE_DOOR,INICIO_SESION,ocupada,2026-01-01 10:42:00
643,4,55,90,OPEN_DOOR,INICIO_SESION,disponible,2026-01-01 10:43:00
644,16,94,163,OPEN_DOOR,QR_VALIDO,ocupada,2026-01-01 10:44:00
645,15,5,17,OPEN_DOOR,QR_VALIDO,disponible,2026-01-01 10:45:00
646,4,31,82,OPEN_DOOR,FIN_SESION,ocupada,2026-01-01 10:46:00
647,9,11,193,OPEN_DOOR,INICIO_SESION,disponible,2026-01-01 10:47:00
648,4,9,150,OPEN_DOOR,INICIO_SESION,disponible,2026-01-01 10:48:00
649,19,7,189,OPEN_DOOR,FIN_SESION,disponible,2026-01-01 10:49:00
650,6,10,11,OPEN_DOOR,QR_VALIDO,disponible,2026-01-01 10:50:00
651,17,59,50,CLOSE_DOOR,FIN_SESION,ocupada,2026-01-01 10:51:00
652,13,61,25,CLOSE_DOOR,INICIO_SESION,ocupada,2026-01-01 10:52:00
653,20,68,182,CLOSE_DOOR,INICIO_SESION,disponible,2026-01-01 10:53:00
654,12,72,58,CLOSE_DOOR,FIN_SESION,ocupada,2026-01-01 10:54:00
655,15,63,79,OPEN_DOOR,QR_VALIDO,disponible,01/01/2026 10:55
656,3,49,93,OPEN_DOOR,FIN_SESION,disponible,2026-01-01 10:56:00
657,11,61,97,OPEN_DOOR,FIN_SESION,disponible,2026-01-01 10:57:00
658,13,85,141,CLOSE_DOOR,FIN_SESION,disponible,2026-01-01 10:58:00
659,11,5,178,OPEN_DOOR,FIN_SESION,disponible,2026-01-01 10:59:00
660,14,11,94,OPEN_DOOR,QR_VALIDO,ocupada,2026-01-01 11:00:00
661,16,58,90,OPEN_DOOR,FIN_SESION,ocupada,2026-01-01 11:01:00
662,11,14,106,OPEN_DOOR,INICIO_SESION,disponible,2026-01-01 11:02:00
663,8,11,111,CLOSE_DOOR,FIN_SESION,disponible,2026-01-01 11:03:00
664,17,46,180,CLOSE_DOOR,QR_VALIDO,disponible,2026-01-01 11:04:00
665,10,100,39,OPEN_DOOR,FIN_SESION,disponible,2026-01-01 11:05:00
666,15,87,9,CLOSE_DOOR,INICIO_SESION,ocupada,01/01/2026 11:06
667,5,12,71,OPEN_DOOR,INICIO_SESION,ocupada,2026-01-01 11:07:00
668,15,64,179,OPEN_DOOR,QR_VALIDO,ocupada,2026-01-01 11:08:00
669,17,24,73,OPEN_DOOR,FIN_SESION,disponible,2026-01-01 11:09:00
670,19,26,38,CLOSE_DOOR,FIN_SESION,ocupada,2026-01-01 11:10:00
671,7,8,130,CLOSE_DOOR,INICIO_SESION,disponible,2026-01-01 11:11:00
672,6,80,102,CLOSE_DOOR,FIN_SESION,ocupada,2026-01-01 11:12:00
673,17,99,40,OPEN_DOOR,INICIO_SESION,ocupada,2026-01-01 11:13:00
674,13,20,132,CLOSE_DOOR,FIN_SESION,disponible,2026-01-01 11:14:00
675,6,6,94,OPEN_DOOR,FIN_SESION,disponible,2026-01-01 11:15:00
676,18,67,32,OPEN_DOOR,QR_VALIDO,disponible,2026-01-01 11:16:00
677,1,61,15,OPEN_DOOR,FIN_SESION,ocupada,2026-01-01 11:17:00
678,10,67,85,CLOSE_DOOR,QR_VALIDO,ocupada,2026-01-01 11:18:00
679,14,28,1,CLOSE_DOOR,FIN_SESION,disponible,2026-01-01 11:19:00
680,19,39,145,OPEN_DOOR,QR_VALIDO,ocupada,2026-01-01 11:20:00
681,7,28,14,OPEN_DOOR,FIN_SESION,ocupada,2026-01-01 11:21:00
682,3,75,35,CLOSE_DOOR,FIN_SESION,disponible,2026-01-01 11:22:00
683,5,32,34,OPEN_DOOR,FIN_SESION,disponible,2026-01-01 11:23:00
684,16,84,137,CLOSE_DOOR,QR_VALIDO,ocupada,2026-01-01 11:24:00
685,11,45,34,OPEN_DOOR,QR_VALIDO,ocupada,2026-01-01 11:25:00
686,9,56,58,CLOSE_DOOR,INICIO_SESION,disponible,2026-01-01 11:26:00
687,11,87,114,CLOSE_DOOR,INICIO_SESION,disponible,2026-01-01 11:27:00
688,15,92,28,OPEN_DOOR,QR_VALIDO,ocupada,2026-01-01 11:28:00
689,4,41,14,CLOSE_DOOR,QR_VALIDO,disponible,2026-01-01 11:29:00
690,11,15,136,CLOSE_DOOR,FIN_SESION,ocupada,2026-01-01 11:30:00
691,8,88,39,OPEN_DOOR,FIN_SESION,ocupada,2026-01-01 11:31:00
692,8,89,89,OPEN_DOOR,INICIO_SESION,disponible,2026-01-01 11:32:00
693,11,9,101,OPEN_DOOR,INICIO_SESION,ocupada,01/01/2026 11:33
694,6,42,54,OPEN_DOOR,QR_VALIDO,ocupada,2026-01-01 11:34:00
695,9,17,79,OPEN_DOOR,INICIO_SESION,ocupada,2026-01-01 11:35:00
696,16,76,144,OPEN_DOOR,QR_VALIDO,ocupada,2026-01-01 11:36:00
697,7,1,1,CLOSE_DOOR,QR_VALIDO,ocupada,2026-01-01 11:37:00
698,16,49,136,OPEN_DOOR,QR_VALIDO,disponible,2026-01-01 11:38:00
699,9,13,71,CLOSE_DOOR,QR_VALIDO,disponible,2026-01-01 11:39:00
700,19,100,196,CLOSE_DOOR,INICIO_SESION,disponible,2026-01-01 11:40:00
701,9,52,171,CLOSE_DOOR,INICIO_SESION,disponible,2026-01-01 11:41:00
702,6,92,118,CLOSE_DOOR,QR_VALIDO,ocupada,2026-01-01 11:42:00
703,6,58,30,CLOSE_DOOR,INICIO_SESION,ocupada,2026-01-01 11:43:00
704,19,88,99,CLOSE_DOOR,QR_VALIDO,ocupada,2026-01-01 11:44:00
705,9,74,100,CLOSE_DOOR,QR_VALIDO,disponible,2026-01-01 11:45:00
706,4,73,17,OPEN_DOOR,INICIO_SESION,disponible,2026-01-01 11:46:00
707,5,82,67,CLOSE_DOOR,FIN_SESION,ocupada,2026-01-01 11:47:00
708,3,45,190,CLOSE_DOOR,INICIO_SESION,disponible,2026-01-01 11:48:00
709,20,70,84,CLOSE_DOOR,INICIO_SESION,disponible,2026-01-01 11:49:00
710,8,25,113,CLOSE_DOOR,INICIO_SESION,disponible,2026-01-01 11:50:00
711,7,1,196,CLOSE_DOOR,INICIO_SESION,disponible,2026-01-01 11:51:00
712,16,76,24,CLOSE_DOOR,QR_VALIDO,ocupada,2026-01-01 11:52:00
713,20,38,32,OPEN_DOOR,FIN_SESION,ocupada,2026-01-01 11:53:00
714,5,100,195,CLOSE_DOOR,INICIO_SESION,ocupada,2026-01-01 11:54:00
715,15,3,86,OPEN_DOOR,QR_VALIDO,ocupada,2026-01-01 11:55:00
716,6,38,78,CLOSE_DOOR,QR_VALIDO,disponible,2026-01-01 11:56:00
717,2,23,48,OPEN_DOOR,QR_VALIDO,ocupada,2026-01-01 11:57:00
718,20,5,178,CLOSE_DOOR,FIN_SESION,ocupada,2026-01-01 11:58:00
719,15,45,179,OPEN_DOOR,QR_VALIDO,disponible,01/01/2026 11:59
720,2,20,157,CLOSE_DOOR,QR_VALIDO,disponible,2026-01-01 12:00:00
721,3,88,98,CLOSE_DOOR,INICIO_SESION,ocupada,2026-01-01 12:01:00
722,17,61,127,OPEN_DOOR,QR_VALIDO,ocupada,2026-01-01 12:02:00
723,18,10,27,OPEN_DOOR,INICIO_SESION,disponible,2026-01-01 12:03:00
724,16,12,115,OPEN_DOOR,QR_VALIDO,ocupada,2026-01-01 12:04:00
725,6,53,98,CLOSE_DOOR,FIN_SESION,ocupada,2026-01-01 12:05:00
726,6,59,33,OPEN_DOOR,QR_VALIDO,disponible,2026-01-01 12:06:00
727,3,53,196,CLOSE_DOOR,QR_VALIDO,ocupada,2026-01-01 12:07:00
728,15,63,23,CLOSE_DOOR,QR_VALIDO,disponible,2026-01-01 12:08:00
729,16,37,180,OPEN_DOOR,INICIO_SESION,ocupada,2026-01-01 12:09:00
730,8,20,142,OPEN_DOOR,INICIO_SESION,disponible,2026-01-01 12:10:00
731,14,60,51,OPEN_DOOR,INICIO_SESION,disponible,2026-01-01 12:11:00
732,2,10,54,OPEN_DOOR,FIN_SESION,disponible,2026-01-01 12:12:00
733,6,94,118,CLOSE_DOOR,FIN_SESION,disponible,2026-01-01 12:13:00
734,5,67,198,OPEN_DOOR,FIN_SESION,ocupada,01/01/2026 12:14
735,14,73,32,CLOSE_DOOR,FIN_SESION,disponible,2026-01-01 12:15:00
736,20,25,39,OPEN_DOOR,INICIO_SESION,ocupada,2026-01-01 12:16:00
737,1,100,135,CLOSE_DOOR,INICIO_SESION,ocupada,2026-01-01 12:17:00
738,7,9,67,CLOSE_DOOR,QR_VALIDO,ocupada,2026-01-01 12:18:00
739,2,55,154,CLOSE_DOOR,FIN_SESION,ocupada,2026-01-01 12:19:00
740,7,57,107,CLOSE_DOOR,QR_VALIDO,disponible,2026-01-01 12:20:00
741,16,62,16,OPEN_DOOR,INICIO_SESION,disponible,2026-01-01 12:21:00
742,6,67,155,OPEN_DOOR,INICIO_SESION,ocupada,2026-01-01 12:22:00
743,3,10,61,OPEN_DOOR,INICIO_SESION,disponible,2026-01-01 12:23:00
744,17,96,87,CLOSE_DOOR,QR_VALIDO,disponible,2026-01-01 12:24:00
745,3,44,174,CLOSE_DOOR,INICIO_SESION,disponible,2026-01-01 12:25:00
746,4,43,131,OPEN_DOOR,INICIO_SESION,disponible,2026-01-01 12:26:00
747,2,54,37,CLOSE_DOOR,FIN_SESION,disponible,2026-01-01 12:27:00
748,11,98,164,OPEN_DOOR,INICIO_SESION,ocupada,2026-01-01 12:28:00
749,13,65,141,CLOSE_DOOR,QR_VALIDO,ocupada,2026-01-01 12:29:00
750,17,4,113,OPEN_DOOR,QR_VALIDO,disponible,2026-01-01 12:30:00
751,9,41,194,CLOSE_DOOR,QR_VALIDO,disponible,2026-01-01 12:31:00
752,15,12,83,OPEN_DOOR,FIN_SESION,disponible,2026-01-01 12:32:00
753,14,86,32,CLOSE_DOOR,INICIO_SESION,disponible,2026-01-01 12:33:00
754,5,7,90,CLOSE_DOOR,QR_VALIDO,ocupada,2026-01-01 12:34:00
755,14,15,135,OPEN_DOOR,FIN_SESION,ocupada,01/01/2026 12:35
756,9,25,78,OPEN_DOOR,FIN_SESION,disponible,2026-01-01 12:36:00
757,7,31,18,CLOSE_DOOR,INICIO_SESION,ocupada,2026-01-01 12:37:00
758,10,40,40,OPEN_DOOR,FIN_SESION,ocupada,2026-01-01 12:38:00
759,10,35,174,OPEN_DOOR,QR_VALIDO,ocupada,01/01/2026 12:39
760,6,12,110,CLOSE_DOOR,FIN_SESION,disponible,01/01/2026 12:40
761,9,89,185,CLOSE_DOOR,QR_VALIDO,disponible,2026-01-01 12:41:00
762,16,94,67,CLOSE_DOOR,INICIO_SESION,disponible,2026-01-01 12:42:00
763,1,69,138,OPEN_DOOR,FIN_SESION,ocupada,2026-01-01 12:43:00
764,18,4,133,OPEN_DOOR,QR_VALIDO,ocupada,2026-01-01 12:44:00
765,9,86,191,OPEN_DOOR,INICIO_SESION,ocupada,2026-01-01 12:45:00
766,17,62,143,OPEN_DOOR,QR_VALIDO,ocupada,2026-01-01 12:46:00
767,13,7,64,CLOSE_DOOR,QR_VALIDO,ocupada,2026-01-01 12:47:00
768,7,50,21,OPEN_DOOR,QR_VALIDO,ocupada,2026-01-01 12:48:00
769,4,31,33,CLOSE_DOOR,QR_VALIDO,ocupada,2026-01-01 12:49:00
770,6,45,40,OPEN_DOOR,INICIO_SESION,disponible,2026-01-01 12:50:00
771,9,30,119,OPEN_DOOR,QR_VALIDO,ocupada,2026-01-01 12:51:00
772,13,1,186,OPEN_DOOR,QR_VALIDO,ocupada,2026-01-01 12:52:00
773,1,42,136,OPEN_DOOR,QR_VALIDO,disponible,2026-01-01 12:53:00
774,11,42,184,CLOSE_DOOR,FIN_SESION,disponible,2026-01-01 12:54:00
775,19,67,184,CLOSE_DOOR,FIN_SESION,disponible,2026-01-01 12:55:00
776,5,46,157,OPEN_DOOR,FIN_SESION,ocupada,2026-01-01 12:56:00
777,11,24,193,OPEN_DOOR,QR_VALIDO,disponible,2026-01-01 12:57:00
778,10,10,5,CLOSE_DOOR,QR_VALIDO,disponible,2026-01-01 12:58:00
779,20,44,52,OPEN_DOOR,FIN_SESION,disponible,2026-01-01 12:59:00
780,2,37,39,OPEN_DOOR,FIN_SESION,disponible,2026-01-01 13:00:00
781,6,73,164,CLOSE_DOOR,FIN_SESION,disponible,2026-01-01 13:01:00
782,12,33,190,CLOSE_DOOR,FIN_SESION,disponible,2026-01-01 13:02:00
783,9,81,16,OPEN_DOOR,QR_VALIDO,ocupada,2026-01-01 13:03:00
784,8,36,7,OPEN_DOOR,FIN_SESION,disponible,2026-01-01 13:04:00
785,18,52,121,OPEN_DOOR,QR_VALIDO,ocupada,2026-01-01 13:05:00
786,20,81,142,OPEN_DOOR,FIN_SESION,ocupada,2026-01-01 13:06:00
787,2,38,58,CLOSE_DOOR,INICIO_SESION,disponible,2026-01-01 13:07:00
788,4,60,18,CLOSE_DOOR,QR_VALIDO,ocupada,2026-01-01 13:08:00
789,16,89,76,CLOSE_DOOR,FIN_SESION,ocupada,2026-01-01 13:09:00
790,16,35,94,CLOSE_DOOR,QR_VALIDO,ocupada,2026-01-01 13:10:00
791,7,90,163,CLOSE_DOOR,QR_VALIDO,ocupada,2026-01-01 13:11:00
792,5,17,43,CLOSE_DOOR,INICIO_SESION,ocupada,2026-01-01 13:12:00
793,14,64,147,CLOSE_DOOR,QR_VALIDO,ocupada,2026-01-01 13:13:00
794,1,38,136,OPEN_DOOR,FIN_SESION,ocupada,2026-01-01 13:14:00
795,18,15,161,CLOSE_DOOR,QR_VALIDO,ocupada,2026-01-01 13:15:00
796,14,5,130,OPEN_DOOR,FIN_SESION,ocupada,2026-01-01 13:16:00
797,5,41,97,CLOSE_DOOR,INICIO_SESION,ocupada,2026-01-01 13:17:00
798,1,26,190,OPEN_DOOR,INICIO_SESION,disponible,2026-01-01 13:18:00
799,12,100,20,OPEN_DOOR,INICIO_SESION,ocupada,2026-01-01 13:19:00
800,1,84,190,OPEN_DOOR,INICIO_SESION,disponible,2026-01-01 13:20:00
801,1,81,154,OPEN_DOOR,INICIO_SESION,disponible,2026-01-01 13:21:00
802,17,50,171,CLOSE_DOOR,FIN_SESION,disponible,2026-01-01 13:22:00
803,5,48,145,CLOSE_DOOR,FIN_SESION,ocupada,2026-01-01 13:23:00
804,9,69,145,OPEN_DOOR,QR_VALIDO,ocupada,2026-01-01 13:24:00
805,14,31,8,CLOSE_DOOR,FIN_SESION,ocupada,2026-01-01 13:25:00
806,13,84,176,CLOSE_DOOR,INICIO_SESION,disponible,2026-01-01 13:26:00
807,1,50,26,CLOSE_DOOR,FIN_SESION,ocupada,2026-01-01 13:27:00
808,20,21,153,CLOSE_DOOR,FIN_SESION,disponible,2026-01-01 13:28:00
809,10,21,170,CLOSE_DOOR,INICIO_SESION,ocupada,2026-01-01 13:29:00
810,5,51,156,CLOSE_DOOR,FIN_SESION,ocupada,2026-01-01 13:30:00
811,11,12,62,OPEN_DOOR,INICIO_SESION,disponible,2026-01-01 13:31:00
812,14,66,132,OPEN_DOOR,INICIO_SESION,disponible,2026-01-01 13:32:00
813,7,8,18,OPEN_DOOR,INICIO_SESION,disponible,2026-01-01 13:33:00
814,16,57,138,CLOSE_DOOR,INICIO_SESION,disponible,2026-01-01 13:34:00
815,17,39,84,CLOSE_DOOR,FIN_SESION,disponible,2026-01-01 13:35:00
816,9,42,76,OPEN_DOOR,QR_VALIDO,disponible,2026-01-01 13:36:00
817,17,38,182,OPEN_DOOR,INICIO_SESION,disponible,2026-01-01 13:37:00
818,7,51,104,CLOSE_DOOR,FIN_SESION,ocupada,2026-01-01 13:38:00
819,16,70,60,CLOSE_DOOR,INICIO_SESION,disponible,2026-01-01 13:39:00
820,5,45,80,CLOSE_DOOR,INICIO_SESION,ocupada,2026-01-01 13:40:00
821,15,71,150,CLOSE_DOOR,QR_VALIDO,disponible,2026-01-01 13:41:00
822,19,58,161,CLOSE_DOOR,QR_VALIDO,ocupada,2026-01-01 13:42:00
823,13,49,99,CLOSE_DOOR,QR_VALIDO,ocupada,2026-01-01 13:43:00
824,13,11,163,CLOSE_DOOR,FIN_SESION,disponible,2026-01-01 13:44:00
825,10,84,130,OPEN_DOOR,QR_VALIDO,disponible,2026-01-01 13:45:00
826,2,23,163,CLOSE_DOOR,INICIO_SESION,ocupada,2026-01-01 13:46:00
827,8,38,16,CLOSE_DOOR,FIN_SESION,ocupada,2026-01-01 13:47:00
828,2,68,129,CLOSE_DOOR,INICIO_SESION,ocupada,2026-01-01 13:48:00
829,8,54,127,OPEN_DOOR,INICIO_SESION,ocupada,2026-01-01 13:49:00
830,4,65,59,CLOSE_DOOR,QR_VALIDO,disponible,2026-01-01 13:50:00
831,4,18,50,OPEN_DOOR,FIN_SESION,ocupada,2026-01-01 13:51:00
832,9,20,159,CLOSE_DOOR,QR_VALIDO,disponible,2026-01-01 13:52:00
833,1,46,178,CLOSE_DOOR,QR_VALIDO,disponible,2026-01-01 13:53:00
834,20,86,14,OPEN_DOOR,QR_VALIDO,ocupada,2026-01-01 13:54:00
835,19,20,186,CLOSE_DOOR,FIN_SESION,disponible,2026-01-01 13:55:00
836,5,11,128,CLOSE_DOOR,INICIO_SESION,ocupada,2026-01-01 13:56:00
837,14,14,94,OPEN_DOOR,INICIO_SESION,ocupada,2026-01-01 13:57:00
838,1,16,112,OPEN_DOOR,FIN_SESION,ocupada,2026-01-01 13:58:00
839,5,1,168,OPEN_DOOR,INICIO_SESION,disponible,2026-01-01 13:59:00
840,16,57,84,OPEN_DOOR,FIN_SESION,disponible,2026-01-01 14:00:00
841,1,4,51,OPEN_DOOR,QR_VALIDO,disponible,2026-01-01 14:01:00
842,18,92,100,OPEN_DOOR,FIN_SESION,ocupada,2026-01-01 14:02:00
843,15,76,194,CLOSE_DOOR,QR_VALIDO,ocupada,2026-01-01 14:03:00
844,5,61,111,CLOSE_DOOR,QR_VALIDO,ocupada,2026-01-01 14:04:00
845,9,15,24,OPEN_DOOR,FIN_SESION,ocupada,2026-01-01 14:05:00
846,12,22,39,CLOSE_DOOR,INICIO_SESION,disponible,2026-01-01 14:06:00
847,19,31,5,OPEN_DOOR,FIN_SESION,ocupada,2026-01-01 14:07:00
848,14,56,111,OPEN_DOOR,INICIO_SESION,ocupada,2026-01-01 14:08:00
849,14,67,65,OPEN_DOOR,INICIO_SESION,disponible,2026-01-01 14:09:00
850,7,91,192,OPEN_DOOR,INICIO_SESION,ocupada,2026-01-01 14:10:00
851,19,31,115,CLOSE_DOOR,QR_VALIDO,ocupada,2026-01-01 14:11:00
852,12,31,44,OPEN_DOOR,QR_VALIDO,disponible,2026-01-01 14:12:00
853,1,32,40,CLOSE_DOOR,FIN_SESION,ocupada,2026-01-01 14:13:00
854,5,28,178,OPEN_DOOR,INICIO_SESION,disponible,2026-01-01 14:14:00
855,9,10,24,OPEN_DOOR,INICIO_SESION,ocupada,2026-01-01 14:15:00
856,16,88,107,CLOSE_DOOR,FIN_SESION,ocupada,2026-01-01 14:16:00
857,20,81,195,OPEN_DOOR,QR_VALIDO,ocupada,2026-01-01 14:17:00
858,15,47,200,CLOSE_DOOR,QR_VALIDO,disponible,2026-01-01 14:18:00
859,1,44,46,OPEN_DOOR,QR_VALIDO,ocupada,2026-01-01 14:19:00
860,17,78,74,OPEN_DOOR,INICIO_SESION,ocupada,2026-01-01 14:20:00
861,13,18,34,OPEN_DOOR,INICIO_SESION,disponible,2026-01-01 14:21:00
862,14,49,96,CLOSE_DOOR,INICIO_SESION,ocupada,2026-01-01 14:22:00
863,14,38,162,OPEN_DOOR,FIN_SESION,disponible,2026-01-01 14:23:00
864,16,41,160,OPEN_DOOR,FIN_SESION,disponible,2026-01-01 14:24:00
865,13,13,88,OPEN_DOOR,INICIO_SESION,ocupada,2026-01-01 14:25:00
866,16,74,172,CLOSE_DOOR,QR_VALIDO,disponible,2026-01-01 14:26:00
867,18,73,144,CLOSE_DOOR,FIN_SESION,disponible,2026-01-01 14:27:00
868,14,8,83,CLOSE_DOOR,QR_VALIDO,ocupada,2026-01-01 14:28:00
869,16,71,111,OPEN_DOOR,FIN_SESION,disponible,2026-01-01 14:29:00
870,18,53,5,OPEN_DOOR,INICIO_SESION,disponible,2026-01-01 14:30:00
871,15,18,70,OPEN_DOOR,QR_VALIDO,disponible,2026-01-01 14:31:00
872,9,68,111,OPEN_DOOR,FIN_SESION,ocupada,2026-01-01 14:32:00
873,4,76,198,OPEN_DOOR,FIN_SESION,ocupada,2026-01-01 14:33:00
874,19,6,50,CLOSE_DOOR,FIN_SESION,disponible,2026-01-01 14:34:00
875,3,37,26,OPEN_DOOR,QR_VALIDO,disponible,2026-01-01 14:35:00
876,11,67,41,OPEN_DOOR,FIN_SESION,ocupada,2026-01-01 14:36:00
877,18,45,25,OPEN_DOOR,FIN_SESION,ocupada,2026-01-01 14:37:00
878,20,62,89,OPEN_DOOR,FIN_SESION,ocupada,2026-01-01 14:38:00
879,6,67,166,OPEN_DOOR,INICIO_SESION,disponible,2026-01-01 14:39:00
880,20,52,182,CLOSE_DOOR,FIN_SESION,disponible,2026-01-01 14:40:00
881,14,11,26,CLOSE_DOOR,INICIO_SESION,ocupada,2026-01-01 14:41:00
882,3,76,58,OPEN_DOOR,INICIO_SESION,disponible,2026-01-01 14:42:00
883,16,33,138,OPEN_DOOR,INICIO_SESION,disponible,2026-01-01 14:43:00
884,10,34,132,CLOSE_DOOR,QR_VALIDO,ocupada,2026-01-01 14:44:00
885,2,98,165,OPEN_DOOR,FIN_SESION,disponible,2026-01-01 14:45:00
886,17,99,60,CLOSE_DOOR,FIN_SESION,disponible,2026-01-01 14:46:00
887,9,69,126,OPEN_DOOR,INICIO_SESION,ocupada,2026-01-01 14:47:00
888,17,51,8,CLOSE_DOOR,QR_VALIDO,disponible,2026-01-01 14:48:00
889,5,8,163,CLOSE_DOOR,INICIO_SESION,ocupada,2026-01-01 14:49:00
890,15,72,187,OPEN_DOOR,FIN_SESION,ocupada,2026-01-01 14:50:00
891,12,61,40,OPEN_DOOR,QR_VALIDO,disponible,2026-01-01 14:51:00
892,5,59,61,OPEN_DOOR,INICIO_SESION,disponible,2026-01-01 14:52:00
893,8,21,78,OPEN_DOOR,INICIO_SESION,disponible,2026-01-01 14:53:00
894,14,41,101,CLOSE_DOOR,INICIO_SESION,ocupada,2026-01-01 14:54:00
895,1,29,30,CLOSE_DOOR,QR_VALIDO,disponible,2026-01-01 14:55:00
896,14,35,195,CLOSE_DOOR,INICIO_SESION,ocupada,2026-01-01 14:56:00
897,11,92,40,OPEN_DOOR,FIN_SESION,ocupada,2026-01-01 14:57:00
898,4,42,69,OPEN_DOOR,QR_VALIDO,disponible,2026-01-01 14:58:00
899,16,26,72,CLOSE_DOOR,INICIO_SESION,disponible,2026-01-01 14:59:00
900,4,91,152,OPEN_DOOR,QR_VALIDO,disponible,2026-01-01 15:00:00
901,18,41,117,OPEN_DOOR,QR_VALIDO,ocupada,2026-01-01 15:01:00
902,11,58,50,CLOSE_DOOR,FIN_SESION,disponible,2026-01-01 15:02:00
903,14,44,50,CLOSE_DOOR,FIN_SESION,ocupada,2026-01-01 15:03:00
904,4,2,171,OPEN_DOOR,QR_VALIDO,disponible,2026-01-01 15:04:00
905,17,43,16,CLOSE_DOOR,FIN_SESION,ocupada,2026-01-01 15:05:00
906,2,95,126,OPEN_DOOR,FIN_SESION,ocupada,2026-01-01 15:06:00
907,12,98,159,CLOSE_DOOR,QR_VALIDO,ocupada,2026-01-01 15:07:00
908,1,14,107,OPEN_DOOR,FIN_SESION,ocupada,2026-01-01 15:08:00
909,8,75,125,CLOSE_DOOR,QR_VALIDO,ocupada,2026-01-01 15:09:00
910,5,3,130,CLOSE_DOOR,FIN_SESION,disponible,2026-01-01 15:10:00
911,8,46,117,OPEN_DOOR,FIN_SESION,ocupada,2026-01-01 15:11:00
912,5,67,41,OPEN_DOOR,INICIO_SESION,disponible,2026-01-01 15:12:00
913,20,65,127,CLOSE_DOOR,FIN_SESION,ocupada,2026-01-01 15:13:00
914,1,90,59,CLOSE_DOOR,FIN_SESION,ocupada,01/01/2026 15:14
915,13,92,61,OPEN_DOOR,FIN_SESION,disponible,2026-01-01 15:15:00
916,3,33,6,OPEN_DOOR,INICIO_SESION,disponible,2026-01-01 15:16:00
917,20,31,193,CLOSE_DOOR,QR_VALIDO,disponible,2026-01-01 15:17:00
918,6,43,38,CLOSE_DOOR,INICIO_SESION,ocupada,2026-01-01 15:18:00
919,2,13,51,OPEN_DOOR,QR_VALIDO,disponible,2026-01-01 15:19:00
920,19,89,46,OPEN_DOOR,FIN_SESION,ocupada,2026-01-01 15:20:00
921,1,47,13,CLOSE_DOOR,QR_VALIDO,disponible,2026-01-01 15:21:00
922,7,62,91,CLOSE_DOOR,FIN_SESION,ocupada,2026-01-01 15:22:00
923,16,71,167,OPEN_DOOR,INICIO_SESION,ocupada,2026-01-01 15:23:00
924,19,84,163,CLOSE_DOOR,INICIO_SESION,ocupada,2026-01-01 15:24:00
925,3,36,130,OPEN_DOOR,FIN_SESION,ocupada,2026-01-01 15:25:00
926,1,6,7,CLOSE_DOOR,FIN_SESION,ocupada,2026-01-01 15:26:00
927,2,27,63,CLOSE_DOOR,FIN_SESION,disponible,2026-01-01 15:27:00
928,7,63,127,OPEN_DOOR,FIN_SESION,disponible,2026-01-01 15:28:00
929,17,77,200,CLOSE_DOOR,FIN_SESION,ocupada,2026-01-01 15:29:00
930,14,77,42,CLOSE_DOOR,INICIO_SESION,disponible,2026-01-01 15:30:00
931,3,64,185,CLOSE_DOOR,INICIO_SESION,disponible,2026-01-01 15:31:00
932,6,79,145,OPEN_DOOR,INICIO_SESION,disponible,2026-01-01 15:32:00
933,8,60,77,CLOSE_DOOR,FIN_SESION,ocupada,2026-01-01 15:33:00
934,2,96,109,OPEN_DOOR,FIN_SESION,ocupada,2026-01-01 15:34:00
935,15,40,177,OPEN_DOOR,INICIO_SESION,disponible,2026-01-01 15:35:00
936,9,49,19,OPEN_DOOR,FIN_SESION,disponible,2026-01-01 15:36:00
937,12,99,160,OPEN_DOOR,FIN_SESION,ocupada,2026-01-01 15:37:00
938,11,57,185,CLOSE_DOOR,QR_VALIDO,disponible,2026-01-01 15:38:00
939,8,46,71,OPEN_DOOR,FIN_SESION,disponible,2026-01-01 15:39:00
940,9,10,192,CLOSE_DOOR,INICIO_SESION,ocupada,2026-01-01 15:40:00
941,13,77,52,OPEN_DOOR,FIN_SESION,disponible,2026-01-01 15:41:00
942,5,34,39,OPEN_DOOR,QR_VALIDO,disponible,2026-01-01 15:42:00
943,9,30,19,OPEN_DOOR,INICIO_SESION,disponible,2026-01-01 15:43:00
944,11,79,179,OPEN_DOOR,INICIO_SESION,ocupada,2026-01-01 15:44:00
945,1,3,9,CLOSE_DOOR,QR_VALIDO,disponible,2026-01-01 15:45:00
946,18,32,63,OPEN_DOOR,FIN_SESION,ocupada,2026-01-01 15:46:00
947,1,49,31,OPEN_DOOR,QR_VALIDO,disponible,2026-01-01 15:47:00
948,5,3,169,CLOSE_DOOR,QR_VALIDO,ocupada,2026-01-01 15:48:00
949,19,8,40,CLOSE_DOOR,FIN_SESION,ocupada,2026-01-01 15:49:00
950,13,32,197,OPEN_DOOR,FIN_SESION,ocupada,2026-01-01 15:50:00
951,18,94,46,OPEN_DOOR,QR_VALIDO,ocupada,2026-01-01 15:51:00
952,1,83,141,OPEN_DOOR,QR_VALIDO,ocupada,2026-01-01 15:52:00
953,1,81,197,CLOSE_DOOR,INICIO_SESION,disponible,2026-01-01 15:53:00
954,3,29,199,CLOSE_DOOR,INICIO_SESION,disponible,2026-01-01 15:54:00
955,19,31,73,CLOSE_DOOR,FIN_SESION,disponible,2026-01-01 15:55:00
956,17,71,197,OPEN_DOOR,INICIO_SESION,ocupada,2026-01-01 15:56:00
957,15,73,109,OPEN_DOOR,QR_VALIDO,ocupada,2026-01-01 15:57:00
958,19,89,65,CLOSE_DOOR,FIN_SESION,disponible,2026-01-01 15:58:00
959,10,88,182,OPEN_DOOR,INICIO_SESION,ocupada,2026-01-01 15:59:00
960,4,3,34,OPEN_DOOR,FIN_SESION,disponible,2026-01-01 16:00:00
961,11,93,158,CLOSE_DOOR,QR_VALIDO,ocupada,2026-01-01 16:01:00
962,15,18,89,CLOSE_DOOR,INICIO_SESION,disponible,2026-01-01 16:02:00
963,7,60,42,OPEN_DOOR,QR_VALIDO,disponible,2026-01-01 16:03:00
964,8,8,111,CLOSE_DOOR,QR_VALIDO,disponible,2026-01-01 16:04:00
965,17,46,16,CLOSE_DOOR,INICIO_SESION,ocupada,2026-01-01 16:05:00
966,14,59,93,OPEN_DOOR,FIN_SESION,ocupada,2026-01-01 16:06:00
967,14,76,141,CLOSE_DOOR,INICIO_SESION,ocupada,2026-01-01 16:07:00
968,14,69,83,CLOSE_DOOR,QR_VALIDO,disponible,2026-01-01 16:08:00
969,2,73,98,OPEN_DOOR,FIN_SESION,ocupada,2026-01-01 16:09:00
970,8,30,8,OPEN_DOOR,QR_VALIDO,disponible,2026-01-01 16:10:00
971,7,78,144,CLOSE_DOOR,QR_VALIDO,ocupada,2026-01-01 16:11:00
972,4,37,99,CLOSE_DOOR,QR_VALIDO,ocupada,2026-01-01 16:12:00
973,2,16,61,OPEN_DOOR,INICIO_SESION,ocupada,2026-01-01 16:13:00
974,9,63,117,OPEN_DOOR,QR_VALIDO,disponible,2026-01-01 16:14:00
975,3,12,12,OPEN_DOOR,INICIO_SESION,disponible,2026-01-01 16:15:00
976,18,13,37,CLOSE_DOOR,QR_VALIDO,ocupada,2026-01-01 16:16:00
977,20,71,156,OPEN_DOOR,QR_VALIDO,disponible,2026-01-01 16:17:00
978,5,73,137,OPEN_DOOR,INICIO_SESION,disponible,2026-01-01 16:18:00
979,4,79,72,CLOSE_DOOR,FIN_SESION,disponible,2026-01-01 16:19:00
980,18,82,152,OPEN_DOOR,FIN_SESION,disponible,2026-01-01 16:20:00
981,15,35,35,OPEN_DOOR,INICIO_SESION,disponible,2026-01-01 16:21:00
982,2,68,153,CLOSE_DOOR,QR_VALIDO,ocupada,2026-01-01 16:22:00
983,16,42,22,OPEN_DOOR,QR_VALIDO,disponible,2026-01-01 16:23:00
984,19,78,168,OPEN_DOOR,INICIO_SESION,disponible,2026-01-01 16:24:00
985,13,36,110,CLOSE_DOOR,FIN_SESION,ocupada,2026-01-01 16:25:00
986,19,11,53,OPEN_DOOR,INICIO_SESION,ocupada,2026-01-01 16:26:00
987,7,56,108,OPEN_DOOR,FIN_SESION,disponible,2026-01-01 16:27:00
988,7,80,137,OPEN_DOOR,INICIO_SESION,disponible,2026-01-01 16:28:00
989,4,91,40,CLOSE_DOOR,INICIO_SESION,disponible,2026-01-01 16:29:00
990,17,58,37,OPEN_DOOR,QR_VALIDO,disponible,2026-01-01 16:30:00
991,7,3,190,OPEN_DOOR,FIN_SESION,ocupada,2026-01-01 16:31:00
992,1,45,52,OPEN_DOOR,FIN_SESION,disponible,2026-01-01 16:32:00
993,1,40,153,CLOSE_DOOR,INICIO_SESION,disponible,2026-01-01 16:33:00
994,15,31,110,CLOSE_DOOR,FIN_SESION,ocupada,2026-01-01 16:34:00
995,3,93,43,CLOSE_DOOR,QR_VALIDO,disponible,2026-01-01 16:35:00
996,16,43,158,CLOSE_DOOR,FIN_SESION,ocupada,2026-01-01 16:36:00
997,1,83,140,OPEN_DOOR,QR_VALIDO,disponible,2026-01-01 16:37:00
998,18,64,13,CLOSE_DOOR,QR_VALIDO,ocupada,2026-01-01 16:38:00
999,19,49,111,CLOSE_DOOR,FIN_SESION,disponible,2026-01-01 16:39:00
1000,3,8,91,CLOSE_DOOR,QR_VALIDO,disponible,2026-01-01 16:40:00
11,7,90,86,OPEN_DOOR,FIN_SESION,ocupada,2026-01-01 00:11:00
26,1,70,56,OPEN_DOOR,QR_VALIDO,disponible,2026-01-01 00:26:00
51,11,57,175,CLOSE_DOOR,INICIO_SESION,ocupada,2026-01-01 00:51:00
76,10,25,149,CLOSE_DOOR,FIN_SESION,disponible,2026-01-01 01:16:00
101,17,42,158,CLOSE_DOOR,QR_VALIDO,ocupada,2026-01-01 01:41:00
151,16,37,147,OPEN_DOOR,FIN_SESION,disponible,2026-01-01 02:31:00
201,8,80,186,OPEN_DOOR,INICIO_SESION,ocupada,2026-01-01 03:21:00
